XS_ID,Point_ID,Running Distance (m),Offset,Reduced_Level,Level_Datum,G_Northing,G_Easting,G_Datum,Circuit,Code
MB1,1000,2.688,0,101.584,Otago Vertical Datum,4860507.491,1352098.064,NZGD2000,NZTM,Shingle
MB1,1001,5.942,-0.022,102.215,Otago Vertical Datum,4860505.172,1352100.346,NZGD2000,NZTM,Road Edge
MB1,1002,9.52,-0.016,102.322,Otago Vertical Datum,4860502.599,1352102.834,NZGD2000,NZTM,Road Centreline
MB1,1003,12.989,0,102.211,Otago Vertical Datum,4860500.099,1352105.239,NZGD2000,NZTM,Road Edge
MB1,1004,16.319,-0.021,101.625,Otago Vertical Datum,4860497.724,1352107.572,NZGD2000,NZTM,Shingle
MB1,1005,19.595,0.019,100.361,Otago Vertical Datum,4860495.346,1352109.825,NZGD2000,NZTM,Bottom of Bank
MB1,1006,21.392,-0.021,101.41,Otago Vertical Datum,4860494.085,1352111.106,NZGD2000,NZTM,Fence
MB1,1007,31.347,0,101.211,Otago Vertical Datum,4860486.926,1352118.024,NZGD2000,NZTM,Spot Height
MB1,1008,43.383,-0.023,101.055,Otago Vertical Datum,4860478.305,1352126.423,NZGD2000,NZTM,Spot Height
MB1,1009,57.032,0.021,100.943,Otago Vertical Datum,4860468.48,1352135.899,NZGD2000,NZTM,Spot Height
MB1,1010,59.893,-0.017,100.9,Otago Vertical Datum,4860466.453,1352137.918,NZGD2000,NZTM,Fence
MB1,1011,73.76,-0.034,100.91,Otago Vertical Datum,4860456.515,1352147.588,NZGD2000,NZTM,Spot Height
MB1,1012,88.85,-0.022,100.909,Otago Vertical Datum,4860445.678,1352158.09,NZGD2000,NZTM,Spot Height
MB1,1013,102.689,0.017,101.017,Otago Vertical Datum,4860435.721,1352167.7,NZGD2000,NZTM,Spot Height
MB1,1014,113.879,-0.006,100.775,Otago Vertical Datum,4860427.706,1352175.51,NZGD2000,NZTM,Fence
MB1,1015,117.217,0,101.288,Otago Vertical Datum,4860425.307,1352177.831,NZGD2000,NZTM,Bottom of Bank
MB1,1016,120.378,0.021,102.736,Otago Vertical Datum,4860423.024,1352180.017,NZGD2000,NZTM,Top of Bank
MB1,1017,122.378,0.035,102.742,Otago Vertical Datum,4860421.58,1352181.4,NZGD2000,NZTM,Top of Bank
MB1,1018,126.593,-0.023,100.797,Otago Vertical Datum,4860418.595,1352184.377,NZGD2000,NZTM,Mud and Sand
MB1,1019,127.71,-0.005,99.319,Otago Vertical Datum,4860417.781,1352185.142,NZGD2000,NZTM,Mud and Sand
MB1,1020,155.574,0.019,99.32,Otago Vertical Datum,4860397.769,1352204.532,NZGD2000,NZTM,Mud and Sand
MB1,1021,156.91,-0.019,100.615,Otago Vertical Datum,4860396.838,1352205.489,NZGD2000,NZTM,Mud and Sand
MB1,1022,161.789,-0.017,100.815,Otago Vertical Datum,4860393.335,1352208.886,NZGD2000,NZTM,Mud and Sand
MB1,1023,171.413,0.018,101.063,Otago Vertical Datum,4860386.405,1352215.564,NZGD2000,NZTM,Mud and Sand
MB1,1024,179.833,-0.017,101.029,Otago Vertical Datum,4860380.387,1352221.453,NZGD2000,NZTM,Mud and Sand
MB1,1025,188.622,0,101.004,Otago Vertical Datum,4860374.068,1352227.562,NZGD2000,NZTM,Mud and Sand
MB1,1026,199.15,0.02,100.952,Otago Vertical Datum,4860366.499,1352234.88,NZGD2000,NZTM,Mud and Sand
MB1,1027,210.355,0.016,100.995,Otago Vertical Datum,4860358.462,1352242.687,NZGD2000,NZTM,Mud and Sand
MB1,1028,219.613,0,100.857,Otago Vertical Datum,4860351.83,1352249.146,NZGD2000,NZTM,Mud and Sand
MB1,1029,227.726,0.014,100.758,Otago Vertical Datum,4860345.998,1352254.787,NZGD2000,NZTM,Mud and Sand
MB1,1030,233.894,-0.019,100.899,Otago Vertical Datum,4860341.596,1352259.106,NZGD2000,NZTM,Mud and Sand
MB1,1031,244.916,0.017,100.837,Otago Vertical Datum,4860333.661,1352266.758,NZGD2000,NZTM,Mud and Sand
MB1,1032,256.071,-0.015,100.762,Otago Vertical Datum,4860325.678,1352274.549,NZGD2000,NZTM,Mud and Sand
MB1,1033,257.207,-0.024,100.05,Otago Vertical Datum,4860324.869,1352275.347,NZGD2000,NZTM,Mud and Sand
MB1,1034,258.292,0,100.915,Otago Vertical Datum,4860324.074,1352276.085,NZGD2000,NZTM,Mud and Sand
MB1,1035,260.71,0.017,100.916,Otago Vertical Datum,4860322.327,1352277.757,NZGD2000,NZTM,Mud and Sand
MB1,1036,274.502,0.021,100.824,Otago Vertical Datum,4860312.427,1352287.36,NZGD2000,NZTM,Mud and Sand
MB1,1037,286.81,-0.02,100.895,Otago Vertical Datum,4860303.624,1352295.962,NZGD2000,NZTM,Mud and Sand
MB1,1038,298.631,0,100.952,Otago Vertical Datum,4860295.128,1352304.18,NZGD2000,NZTM,Mud and Sand
MB1,1039,313.795,0.021,100.834,Otago Vertical Datum,4860284.232,1352314.727,NZGD2000,NZTM,Mud and Sand
MB1,1040,325.52,-0.015,100.391,Otago Vertical Datum,4860275.843,1352322.919,NZGD2000,NZTM,Mud and Sand
MB1,1041,339.835,-0.019,100.335,Otago Vertical Datum,4860265.574,1352332.892,NZGD2000,NZTM,Mud and Sand
MB1,1042,340.705,0.012,100.807,Otago Vertical Datum,4860264.928,1352333.475,NZGD2000,NZTM,Mud and Sand
MB1,1043,351.215,-0.025,100.884,Otago Vertical Datum,4860257.411,1352340.822,NZGD2000,NZTM,Mud and Sand
MB1,1044,363.86,-0.014,100.852,Otago Vertical Datum,4860248.331,1352349.621,NZGD2000,NZTM,Mud and Sand
MB1,1045,378.233,-0.013,100.816,Otago Vertical Datum,4860238.016,1352359.63,NZGD2000,NZTM,Mud and Sand
MB1,1046,383.87,-0.02,100.912,Otago Vertical Datum,4860233.976,1352363.562,NZGD2000,NZTM,Mud and Sand
MB1,1047,399.063,-0.022,100.892,Otago Vertical Datum,4860223.075,1352374.144,NZGD2000,NZTM,Mud and Sand
MB1,1048,409.717,0,100.831,Otago Vertical Datum,4860215.414,1352381.549,NZGD2000,NZTM,Mud and Sand
MB1,1049,417.855,-0.009,100.89,Otago Vertical Datum,4860209.581,1352387.224,NZGD2000,NZTM,Mud and Sand
MB1,1050,417.911,0.012,100.691,Otago Vertical Datum,4860209.526,1352387.247,NZGD2000,NZTM,Mud and Sand
MB1,1051,428.632,0,100.878,Otago Vertical Datum,4860201.841,1352394.723,NZGD2000,NZTM,Mud and Sand
MB1,1052,439.168,0.004,100.82,Otago Vertical Datum,4860194.278,1352402.058,NZGD2000,NZTM,Mud and Sand
MB1,1053,452.017,0.029,100.904,Otago Vertical Datum,4860185.04,1352410.989,NZGD2000,NZTM,Mud and Sand
MB1,1054,464.73,-0.018,100.871,Otago Vertical Datum,4860175.951,1352419.877,NZGD2000,NZTM,Mud and Sand
MB1,1055,481.245,0.021,100.964,Otago Vertical Datum,4860164.072,1352431.351,NZGD2000,NZTM,Mud and Sand
MB1,1056,492.215,0,100.995,Otago Vertical Datum,4860156.215,1352439.007,NZGD2000,NZTM,Mud and Sand
MB1,1057,496.69,0,100.912,Otago Vertical Datum,4860153.004,1352442.123,NZGD2000,NZTM,Mud and Sand
MB1,1058,498.223,-0.019,100.087,Otago Vertical Datum,4860151.917,1352443.204,NZGD2000,NZTM,Mud and Sand
MB1,1059,512.553,-0.019,99.887,Otago Vertical Datum,4860141.634,1352453.185,NZGD2000,NZTM,Mud and Sand
MB1,1060,512.645,-0.023,100.89,Otago Vertical Datum,4860141.571,1352453.252,NZGD2000,NZTM,Sand
MB1,1061,524,-0.012,101.246,Otago Vertical Datum,4860133.416,1352461.153,NZGD2000,NZTM,Sand
MB1,1062,537.955,-0.029,101.468,Otago Vertical Datum,4860123.413,1352470.885,NZGD2000,NZTM,Sand
MB1,1063,549.478,0.02,101.644,Otago Vertical Datum,4860115.111,1352478.875,NZGD2000,NZTM,Sand
MB1,1064,561.366,-0.02,101.899,Otago Vertical Datum,4860106.608,1352487.182,NZGD2000,NZTM,Sand
MB1,1065,573.261,-0.027,102.261,Otago Vertical Datum,4860098.077,1352495.472,NZGD2000,NZTM,Sand
MB1,1066,585.402,-0.02,102.702,Otago Vertical Datum,4860089.36,1352503.923,NZGD2000,NZTM,Sand
MB1,1067,599.721,0,103.403,Otago Vertical Datum,4860079.071,1352513.882,NZGD2000,NZTM,Sand
MB1,1068,610.563,-0.014,103.744,Otago Vertical Datum,4860071.3,1352521.443,NZGD2000,NZTM,Sand
MB1,1069,617.658,-0.014,103.747,Otago Vertical Datum,4860066.21,1352526.384,NZGD2000,NZTM,Sand
MB1,1070,627.008,0.026,102.95,Otago Vertical Datum,4860059.472,1352532.868,NZGD2000,NZTM,Sand
MB1,1071,635.128,-0.018,102.286,Otago Vertical Datum,4860053.676,1352538.555,NZGD2000,NZTM,Sand
MB1,1072,643.845,-0.023,101.304,Otago Vertical Datum,4860047.424,1352544.63,NZGD2000,NZTM,Sand
MB1,1073,653.819,-0.016,100.183,Otago Vertical Datum,4860040.262,1352551.571,NZGD2000,NZTM,Sand
MB1,1074,660.145,-0.01,99.597,Otago Vertical Datum,4860035.718,1352555.973,NZGD2000,NZTM,Sand
,,,,,,,,,,
MB2,2000,2.052,0.001,100.313,Otago Vertical Datum,4862850.339,1353420.86,NZGD2000,NZTM,Fence
MB2,2001,13.37,0.008,100.411,Otago Vertical Datum,4862842.241,1353428.767,NZGD2000,NZTM,Spot Height
MB2,2002,26.89,0.006,100.407,Otago Vertical Datum,4862832.575,1353438.22,NZGD2000,NZTM,Spot Height
MB2,2003,40.62,0.009,100.391,Otago Vertical Datum,4862822.755,1353447.816,NZGD2000,NZTM,Spot Height
MB2,2004,54.668,-0.001,100.492,Otago Vertical Datum,4862812.717,1353457.644,NZGD2000,NZTM,Spot Height
MB2,2005,68.464,0.003,100.541,Otago Vertical Datum,4862802.85,1353467.285,NZGD2000,NZTM,Spot Height
MB2,2006,71.39,0.01,100.516,Otago Vertical Datum,4862800.753,1353469.326,NZGD2000,NZTM,Fence
MB2,2007,72.218,-0.006,100.465,Otago Vertical Datum,4862800.172,1353469.916,NZGD2000,NZTM,Drain
MB2,2008,72.661,0.018,99.856,Otago Vertical Datum,4862799.838,1353470.209,NZGD2000,NZTM,Drain
MB2,2009,73.037,-0.027,99.832,Otago Vertical Datum,4862799.601,1353470.504,NZGD2000,NZTM,Drain
MB2,2010,73.06,-0.006,100.333,Otago Vertical Datum,4862799.57,1353470.505,NZGD2000,NZTM,Drain
MB2,2011,73.833,0.001,100.473,Otago Vertical Datum,4862799.012,1353471.04,NZGD2000,NZTM,Fence
MB2,2012,79.669,0.01,100.498,Otago Vertical Datum,4862794.833,1353475.114,NZGD2000,NZTM,Spot Height
MB2,2013,92.727,-0.003,100.582,Otago Vertical Datum,4862785.505,1353484.251,NZGD2000,NZTM,Spot Height
MB2,2014,107.846,0.004,100.679,Otago Vertical Datum,4862774.689,1353494.816,NZGD2000,NZTM,Spot Height
MB2,2015,121.748,0.001,100.714,Otago Vertical Datum,4862764.751,1353504.537,NZGD2000,NZTM,Spot Height
MB2,2016,133.262,0.006,100.739,Otago Vertical Datum,4862756.514,1353512.582,NZGD2000,NZTM,Spot Height
MB2,2017,138.153,0.001,100.473,Otago Vertical Datum,4862753.021,1353516.005,NZGD2000,NZTM,Spot Height
MB2,2018,144.599,0.011,100.009,Otago Vertical Datum,4862748.404,1353520.504,NZGD2000,NZTM,Spot Height
MB2,2019,145.845,0.003,100.165,Otago Vertical Datum,4862747.519,1353521.381,NZGD2000,NZTM,Spot Height
MB2,2020,150.775,-0.003,100.177,Otago Vertical Datum,4862743.998,1353524.832,NZGD2000,NZTM,Fence
MB2,2021,151.646,-0.008,100.26,Otago Vertical Datum,4862743.379,1353525.444,NZGD2000,NZTM,Drain
MB2,2022,152.376,0.006,99.632,Otago Vertical Datum,4862742.847,1353525.944,NZGD2000,NZTM,Drain
MB2,2023,154.528,-0.002,100.737,Otago Vertical Datum,4862741.314,1353527.454,NZGD2000,NZTM,Fence
MB2,2024,162.849,0.012,100.732,Otago Vertical Datum,4862735.354,1353533.262,NZGD2000,NZTM,Spot Height
MB2,2025,173.293,0.001,100.67,Otago Vertical Datum,4862727.894,1353540.57,NZGD2000,NZTM,Spot Height
MB2,2026,181.459,-0.001,100.356,Otago Vertical Datum,4862722.056,1353546.281,NZGD2000,NZTM,Fence
MB2,2027,183.464,-0.003,100.189,Otago Vertical Datum,4862720.624,1353547.684,NZGD2000,NZTM,Spot Height
MB2,2028,185.372,0.013,99.172,Otago Vertical Datum,4862719.249,1353549.006,NZGD2000,NZTM,Water level
MB2,2029,187.426,0.004,99.123,Otago Vertical Datum,4862717.786,1353550.448,NZGD2000,NZTM,Mud and Sand
MB2,2030,191.884,-0.025,99.051,Otago Vertical Datum,4862714.619,1353553.586,NZGD2000,NZTM,Mud and Sand
MB2,2031,243.242,-0.011,99.05,Otago Vertical Datum,4862677.885,1353589.479,NZGD2000,NZTM,Mud and Sand
MB2,2032,250.197,0,99.102,Otago Vertical Datum,4862672.905,1353594.333,NZGD2000,NZTM,Water level
MB2,2033,255.221,-0.008,99.892,Otago Vertical Datum,4862669.318,1353597.851,NZGD2000,NZTM,Spot Height
MB2,2034,258.7,-0.009,100.159,Otago Vertical Datum,4862666.831,1353600.284,NZGD2000,NZTM,Spot Height
MB2,2035,272.417,-0.003,100.3,Otago Vertical Datum,4862657.019,1353609.869,NZGD2000,NZTM,Spot Height
MB2,2036,286.057,0.002,100.331,Otago Vertical Datum,4862647.262,1353619.401,NZGD2000,NZTM,Spot Height
MB2,2037,300.174,0.003,100.465,Otago Vertical Datum,4862637.167,1353629.269,NZGD2000,NZTM,Spot Height
MB2,2038,313.893,0.001,100.653,Otago Vertical Datum,4862627.359,1353638.861,NZGD2000,NZTM,Spot Height
MB2,2039,327.769,-0.001,100.569,Otago Vertical Datum,4862617.438,1353648.563,NZGD2000,NZTM,Spot Height
MB2,2040,330.07,0.005,100.746,Otago Vertical Datum,4862615.788,1353650.167,NZGD2000,NZTM,Fence
MB2,2041,331.165,-0.004,100.79,Otago Vertical Datum,4862615.012,1353650.939,NZGD2000,NZTM,Stop Bank
MB2,2042,332.145,-0.001,101.132,Otago Vertical Datum,4862614.309,1353651.622,NZGD2000,NZTM,Stop Bank
MB2,2043,334.824,0.003,102.369,Otago Vertical Datum,4862612.39,1353653.492,NZGD2000,NZTM,Stop Bank
MB2,2044,336.684,0.007,102.451,Otago Vertical Datum,4862611.058,1353654.789,NZGD2000,NZTM,Stop Bank
MB2,2045,338.354,-0.001,102.372,Otago Vertical Datum,4862609.869,1353655.963,NZGD2000,NZTM,Stop Bank
MB2,2046,342.064,0.011,100.906,Otago Vertical Datum,4862607.208,1353658.547,NZGD2000,NZTM,Stop Bank
MB2,2047,347.84,0.003,100.733,Otago Vertical Datum,4862603.084,1353662.591,NZGD2000,NZTM,Spot Height
MB2,2048,349.811,-0.011,100.405,Otago Vertical Datum,4862601.684,1353663.979,NZGD2000,NZTM,Spot Height
MB2,2049,350.879,-0.002,99.786,Otago Vertical Datum,4862600.914,1353664.719,NZGD2000,NZTM,Spot Height
MB2,2050,356.061,-0.007,99.481,Otago Vertical Datum,4862597.212,1353668.345,NZGD2000,NZTM,Spot Height
MB2,2051,362.538,0.003,99.079,Otago Vertical Datum,4862592.574,1353672.866,NZGD2000,NZTM,Spot Height
MB2,2052,366.099,-0.002,99.017,Otago Vertical Datum,4862590.031,1353675.359,NZGD2000,NZTM,Water level
MB2,2053,367.17,0.002,98.354,Otago Vertical Datum,4862589.262,1353676.105,NZGD2000,NZTM,Mud and Sand
MB2,2054,413.444,0.005,98.557,Otago Vertical Datum,4862556.172,1353708.452,NZGD2000,NZTM,Mud and Sand
MB2,2055,419.47,0.003,98.654,Otago Vertical Datum,4862551.865,1353712.666,NZGD2000,NZTM,Mud and Sand
MB2,2056,429.745,0.011,98.8,Otago Vertical Datum,4862544.512,1353719.844,NZGD2000,NZTM,Mud and Sand
MB2,2057,440.191,0.009,98.83,Otago Vertical Datum,4862537.044,1353727.147,NZGD2000,NZTM,Mud and Sand
MB2,2058,449.97,-0.001,98.826,Otago Vertical Datum,4862530.059,1353733.991,NZGD2000,NZTM,Mud and Sand
MB2,2059,459.311,0.002,98.833,Otago Vertical Datum,4862523.377,1353740.519,NZGD2000,NZTM,Mud and Sand
MB2,2060,470.006,0.006,98.766,Otago Vertical Datum,4862515.727,1353747.993,NZGD2000,NZTM,Mud and Sand
MB2,2061,482.138,0.02,99.205,Otago Vertical Datum,4862507.042,1353756.464,NZGD2000,NZTM,Water level
MB2,2062,491.996,0.007,99.413,Otago Vertical Datum,4862500.003,1353763.365,NZGD2000,NZTM,Swamp
MB2,2063,505.863,0.011,99.445,Otago Vertical Datum,4862490.084,1353773.056,NZGD2000,NZTM,Swamp
MB2,2064,522.12,0.008,99.497,Otago Vertical Datum,4862478.462,1353784.423,NZGD2000,NZTM,Swamp
MB2,2065,533.128,0.005,99.534,Otago Vertical Datum,4862470.593,1353792.121,NZGD2000,NZTM,Swamp
MB2,2066,544.575,0.037,99.528,Otago Vertical Datum,4862462.385,1353800.1,NZGD2000,NZTM,Swamp
MB2,2067,551.416,-0.008,99.911,Otago Vertical Datum,4862457.525,1353804.915,NZGD2000,NZTM,Swamp
MB2,2068,555.094,0.005,100.242,Otago Vertical Datum,4862454.886,1353807.477,NZGD2000,NZTM,Vegetation
MB2,2069,567.187,0.003,100.399,Otago Vertical Datum,4862446.241,1353815.932,NZGD2000,NZTM,Vegetation
MB2,2070,578.065,0.008,100.196,Otago Vertical Datum,4862438.459,1353823.533,NZGD2000,NZTM,Vegetation
MB2,2071,587.116,0.01,100.382,Otago Vertical Datum,4862431.985,1353829.859,NZGD2000,NZTM,Vegetation
MB2,2072,588.161,0.016,99.69,Otago Vertical Datum,4862431.234,1353830.585,NZGD2000,NZTM,Vegetation
MB2,2073,591.038,-0.013,99.176,Otago Vertical Datum,4862429.197,1353832.617,NZGD2000,NZTM,Vegetation
MB2,2074,591.788,0.004,100.424,Otago Vertical Datum,4862428.649,1353833.129,NZGD2000,NZTM,Vegetation
MB2,2075,596.098,0.003,100.313,Otago Vertical Datum,4862425.568,1353836.143,NZGD2000,NZTM,Vegetation
MB2,2076,604.94,-0.012,100.413,Otago Vertical Datum,4862419.256,1353842.335,NZGD2000,NZTM,Vegetation
MB2,2077,620.304,0.007,100.54,Otago Vertical Datum,4862408.257,1353853.062,NZGD2000,NZTM,Vegetation
MB2,2078,628.932,0.011,100.5,Otago Vertical Datum,4862402.084,1353859.091,NZGD2000,NZTM,Vegetation
MB2,2079,638.185,0.003,100.484,Otago Vertical Datum,4862395.474,1353865.565,NZGD2000,NZTM,Vegetation
MB2,2080,645.239,-0.004,100.406,Otago Vertical Datum,4862390.435,1353870.501,NZGD2000,NZTM,Vegetation
MB2,2081,659.583,-0.004,100.578,Otago Vertical Datum,4862380.178,1353880.529,NZGD2000,NZTM,Vegetation
MB2,2082,669.777,0.01,100.571,Otago Vertical Datum,4862372.879,1353887.645,NZGD2000,NZTM,Vegetation
MB2,2083,682.052,0.01,100.607,Otago Vertical Datum,4862364.102,1353896.226,NZGD2000,NZTM,Vegetation
MB2,2084,692.961,0.007,100.467,Otago Vertical Datum,4862356.304,1353903.855,NZGD2000,NZTM,Vegetation
MB2,2085,706.737,0.01,100.604,Otago Vertical Datum,4862346.451,1353913.483,NZGD2000,NZTM,Vegetation
MB2,2086,717.188,0.003,100.501,Otago Vertical Datum,4862338.983,1353920.795,NZGD2000,NZTM,Vegetation
MB2,2087,727.688,-0.004,100.547,Otago Vertical Datum,4862331.48,1353928.14,NZGD2000,NZTM,Vegetation
MB2,2088,738.14,0.001,100.519,Otago Vertical Datum,4862324.003,1353935.443,NZGD2000,NZTM,Vegetation
MB2,2089,749.126,0,100.826,Otago Vertical Datum,4862316.148,1353943.123,NZGD2000,NZTM,Vegetation
MB2,2090,753.669,0.005,101.184,Otago Vertical Datum,4862312.896,1353946.296,NZGD2000,NZTM,Vegetation
MB2,2091,759.774,0,100.099,Otago Vertical Datum,4862308.535,1353950.567,NZGD2000,NZTM,Vegetation
MB2,2092,766.568,-0.001,99.241,Otago Vertical Datum,4862303.677,1353955.318,NZGD2000,NZTM,Water level
MB2,2093,769.748,0.017,98.402,Otago Vertical Datum,4862301.39,1353957.528,NZGD2000,NZTM,Mud and Sand
MB2,2094,805.005,0.007,98.498,Otago Vertical Datum,4862276.187,1353982.183,NZGD2000,NZTM,Mud and Sand
MB2,2095,807.666,-0.014,99.237,Otago Vertical Datum,4862274.299,1353984.058,NZGD2000,NZTM,Water level
MB2,2096,816.168,-0.003,100.726,Otago Vertical Datum,4862268.212,1353989.993,NZGD2000,NZTM,Vegetation
MB2,2097,822.09,0.007,101.61,Otago Vertical Datum,4862263.97,1353994.126,NZGD2000,NZTM,Sand
MB2,2098,828.94,0,102.24,Otago Vertical Datum,4862259.077,1353998.92,NZGD2000,NZTM,Sand
MB2,2099,836.011,0.009,102.566,Otago Vertical Datum,4862254.015,1354003.856,NZGD2000,NZTM,Sand
MB2,2100,844.675,0.006,102.948,Otago Vertical Datum,4862247.822,1354009.915,NZGD2000,NZTM,Sand
MB2,2101,852.699,0.003,103.396,Otago Vertical Datum,4862242.086,1354015.527,NZGD2000,NZTM,Sand
MB2,2102,861.125,0.007,103.818,Otago Vertical Datum,4862236.059,1354021.415,NZGD2000,NZTM,Sand
MB2,2103,870.75,0.006,104.326,Otago Vertical Datum,4862229.177,1354028.144,NZGD2000,NZTM,Sand
MB2,2104,878.692,0.037,104.639,Otago Vertical Datum,4862223.476,1354033.674,NZGD2000,NZTM,Sand
MB2,2105,884.246,0.009,104.662,Otago Vertical Datum,4862219.525,1354037.577,NZGD2000,NZTM,Sand
MB2,2106,890.288,0.011,104.17,Otago Vertical Datum,4862215.203,1354041.799,NZGD2000,NZTM,Sand
MB2,2107,897.153,-0.013,103.419,Otago Vertical Datum,4862210.311,1354046.615,NZGD2000,NZTM,Sand
MB2,2108,904.478,0.004,103.175,Otago Vertical Datum,4862205.061,1354051.724,NZGD2000,NZTM,Sand
MB2,2109,908.669,0.002,102.389,Otago Vertical Datum,4862202.066,1354054.655,NZGD2000,NZTM,Sand
MB2,2110,916.225,-0.008,101.079,Otago Vertical Datum,4862196.67,1354059.945,NZGD2000,NZTM,Sand
MB2,2111,924.275,0.005,99.965,Otago Vertical Datum,4862190.905,1354065.563,NZGD2000,NZTM,Sand
MB2,2112,931.867,0.004,99.302,Otago Vertical Datum,4862185.477,1354070.871,NZGD2000,NZTM,Sand
MB2,2113,945.856,-0.018,98.46,Otago Vertical Datum,4862175.49,1354080.666,NZGD2000,NZTM,Sand
,,,,,,,,,,
MB3,3000,0,0,100.886,Otago Vertical Datum,4864449.39,1355795.242,NZGD2000,NZTM,Spot Height
MB3,3001,16.172,-0.009,100.968,Otago Vertical Datum,4864437.676,1355806.392,NZGD2000,NZTM,Spot Height
MB3,3002,31.747,-0.006,100.573,Otago Vertical Datum,4864426.387,1355817.122,NZGD2000,NZTM,Spot Height
MB3,3003,38.356,0.002,100.405,Otago Vertical Datum,4864421.592,1355821.671,NZGD2000,NZTM,Spot Height
MB3,3004,48.064,-0.001,100.628,Otago Vertical Datum,4864414.559,1355828.362,NZGD2000,NZTM,Spot Height
MB3,3005,62.992,-0.002,100.512,Otago Vertical Datum,4864403.741,1355838.649,NZGD2000,NZTM,Spot Height
MB3,3006,68.973,-0.021,100.945,Otago Vertical Datum,4864399.42,1355842.784,NZGD2000,NZTM,Fence
MB3,3007,75.137,-0.002,102.471,Otago Vertical Datum,4864394.94,1355847.018,NZGD2000,NZTM,Spot Height
MB3,3008,78.487,0.007,102.481,Otago Vertical Datum,4864392.506,1355849.32,NZGD2000,NZTM,Spot Height
MB3,3009,83.702,-0.013,100.805,Otago Vertical Datum,4864388.741,1355852.928,NZGD2000,NZTM,Spot Height
MB3,3010,87.401,-0.002,100.39,Otago Vertical Datum,4864386.052,1355855.469,NZGD2000,NZTM,Water Level
MB3,3011,98.595,0.014,100.041,Otago Vertical Datum,4864377.929,1355863.171,NZGD2000,NZTM,Mud and Sand
MB3,3012,108.141,-0.02,98.902,Otago Vertical Datum,4864371.034,1355869.773,NZGD2000,NZTM,Mud and Sand
MB3,3013,294.728,0.001,99.354,Otago Vertical Datum,4864235.801,1355998.329,NZGD2000,NZTM,Mud and Sand
MB3,3014,296.113,-0.004,100.379,Otago Vertical Datum,4864234.801,1355999.287,NZGD2000,NZTM,Water Level
MB3,3015,303.493,0.005,100.393,Otago Vertical Datum,4864229.446,1356004.366,NZGD2000,NZTM,Mud and Sand
MB3,3016,310.115,0.005,100.307,Otago Vertical Datum,4864224.648,1356008.929,NZGD2000,NZTM,Fence
MB3,3017,321.228,0.006,100.238,Otago Vertical Datum,4864216.593,1356016.586,NZGD2000,NZTM,Spot Height
MB3,3018,336.183,0,100.203,Otago Vertical Datum,4864205.76,1356026.895,NZGD2000,NZTM,Spot Height
MB3,3019,353.208,-0.025,100.295,Otago Vertical Datum,4864193.439,1356038.645,NZGD2000,NZTM,Spot Height
MB3,3020,366.587,-0.02,100.334,Otago Vertical Datum,4864183.74,1356047.86,NZGD2000,NZTM,Spot Height
MB3,3021,371.183,-0.014,100.17,Otago Vertical Datum,4864180.405,1356051.023,NZGD2000,NZTM,Spot Height
MB3,3022,372.452,-0.009,99.666,Otago Vertical Datum,4864179.482,1356051.894,NZGD2000,NZTM,Drain
MB3,3023,373.377,-0.007,99.681,Otago Vertical Datum,4864178.81,1356052.53,NZGD2000,NZTM,Drain
MB3,3024,374.845,0.002,100.277,Otago Vertical Datum,4864177.74,1356053.535,NZGD2000,NZTM,Spot Height
MB3,3025,379.336,-0.012,100.75,Otago Vertical Datum,4864174.495,1356056.64,NZGD2000,NZTM,Spot Height
MB3,3026,394.478,-0.012,100.909,Otago Vertical Datum,4864163.522,1356067.073,NZGD2000,NZTM,Spot Height
MB3,3027,400.433,-0.022,101.778,Otago Vertical Datum,4864159.213,1356071.184,NZGD2000,NZTM,Spot Height
MB3,3028,404.188,-0.002,101.579,Otago Vertical Datum,4864156.478,1356073.757,NZGD2000,NZTM,Spot Height
MB3,3029,410.14,0.002,102.015,Otago Vertical Datum,4864152.162,1356077.856,NZGD2000,NZTM,Spot Height
MB3,3030,420.619,-0.005,103.13,Otago Vertical Datum,4864144.573,1356085.081,NZGD2000,NZTM,Spot Height
MB3,3031,425.163,0,103.495,Otago Vertical Datum,4864141.276,1356088.209,NZGD2000,NZTM,Spot Height
MB3,3032,432.224,-0.009,103.333,Otago Vertical Datum,4864136.166,1356093.081,NZGD2000,NZTM,Spot Height
MB3,3033,435.382,0.009,103.8,Otago Vertical Datum,4864133.864,1356095.244,NZGD2000,NZTM,Fence
MB3,3034,441.336,-0.001,104.211,Otago Vertical Datum,4864129.556,1356099.354,NZGD2000,NZTM,Fence
MB3,3035,447.51,-0.009,104.557,Otago Vertical Datum,4864125.088,1356103.614,NZGD2000,NZTM,Dune
MB3,3036,450.332,-0.002,105.047,Otago Vertical Datum,4864123.038,1356105.553,NZGD2000,NZTM,Dune
MB3,3037,454.239,0.007,106.098,Otago Vertical Datum,4864120.2,1356108.239,NZGD2000,NZTM,Dune
MB3,3038,461.243,-0.01,106.645,Otago Vertical Datum,4864115.136,1356113.078,NZGD2000,NZTM,Fence
MB3,3039,463.82,0.021,105.584,Otago Vertical Datum,4864113.247,1356114.831,NZGD2000,NZTM,Dune
MB3,3040,468.816,0,101.978,Otago Vertical Datum,4864109.641,1356118.289,NZGD2000,NZTM,Dune
MB3,3041,472.067,0,101.38,Otago Vertical Datum,4864107.285,1356120.529,NZGD2000,NZTM,Dune
MB3,3042,482.699,0.002,101.913,Otago Vertical Datum,4864099.579,1356127.854,NZGD2000,NZTM,Dune
MB3,3043,493.008,-0.035,102.212,Otago Vertical Datum,4864092.134,1356134.984,NZGD2000,NZTM,Dune
MB3,3044,504.976,-0.008,102.652,Otago Vertical Datum,4864083.442,1356143.211,NZGD2000,NZTM,Dune
MB3,3045,513.018,-0.005,103.406,Otago Vertical Datum,4864077.612,1356148.751,NZGD2000,NZTM,Dune
MB3,3046,529.36,0.006,104.386,Otago Vertical Datum,4864065.761,1356160.004,NZGD2000,NZTM,Dune
MB3,3047,538.703,-0.031,104.991,Otago Vertical Datum,4864059.016,1356166.468,NZGD2000,NZTM,Dune
MB3,3048,546.161,0.005,105.453,Otago Vertical Datum,4864053.586,1356171.581,NZGD2000,NZTM,Sand
MB3,3049,551.484,-0.014,104.686,Otago Vertical Datum,4864049.742,1356175.263,NZGD2000,NZTM,Sand
MB3,3050,555.595,0.009,103.752,Otago Vertical Datum,4864046.747,1356178.079,NZGD2000,NZTM,Sand
MB3,3051,559.341,-0.006,103.599,Otago Vertical Datum,4864044.042,1356180.671,NZGD2000,NZTM,Sand
MB3,3052,567.2,0.007,103.656,Otago Vertical Datum,4864038.338,1356186.077,NZGD2000,NZTM,Sand
MB3,3053,575.255,0.022,103.587,Otago Vertical Datum,4864032.49,1356191.617,NZGD2000,NZTM,Sand
MB3,3054,583.597,-0.006,103.099,Otago Vertical Datum,4864026.464,1356197.385,NZGD2000,NZTM,Sand
MB3,3055,592.041,0.021,102.685,Otago Vertical Datum,4864020.326,1356203.184,NZGD2000,NZTM,Sand
MB3,3056,599.488,-0.011,102.349,Otago Vertical Datum,4864014.951,1356208.339,NZGD2000,NZTM,Sand
MB3,3057,605.973,0,101.858,Otago Vertical Datum,4864010.244,1356212.8,NZGD2000,NZTM,Sand
MB3,3058,614.934,0,100.651,Otago Vertical Datum,4864003.75,1356218.974,NZGD2000,NZTM,Sand
MB3,3059,618.664,0,99.946,Otago Vertical Datum,4864001.047,1356221.544,NZGD2000,NZTM,Sand
MB3,3060,621.372,0,99.479,Otago Vertical Datum,4863999.085,1356223.41,NZGD2000,NZTM,Sand
MB3,3061,625.756,0,98.976,Otago Vertical Datum,4863995.908,1356226.431,NZGD2000,NZTM,Sand
MB4,4000,0.257,-0.003,127.381,Otago Vertical Datum,4865519.007,1358338.516,NZGD2000,NZTM,Fence
MB4,4001,3.554,0.004,127.211,Otago Vertical Datum,4865516.677,1358340.849,NZGD2000,NZTM,Spot Height
MB4,4002,4.548,-0.012,127.135,Otago Vertical Datum,4865515.987,1358341.565,NZGD2000,NZTM,Road Edge
MB4,4003,7.898,0.007,127.314,Otago Vertical Datum,4865513.611,1358343.926,NZGD2000,NZTM,Road Centreline
MB4,4004,11.054,-0.012,127.071,Otago Vertical Datum,4865511.399,1358346.177,NZGD2000,NZTM,Road Edge
MB4,4005,12.283,-0.001,127.147,Otago Vertical Datum,4865510.524,1358347.041,NZGD2000,NZTM,Spot Height
MB4,4006,18.939,0.001,127.215,Otago Vertical Datum,4865505.829,1358351.758,NZGD2000,NZTM,Fence
MB4,4007,24.131,0.001,127.046,Otago Vertical Datum,4865502.167,1358355.439,NZGD2000,NZTM,Spot Height
MB4,4008,33.83,-0.003,126.818,Otago Vertical Datum,4865495.329,1358362.318,NZGD2000,NZTM,Spot Height
MB4,4009,44.126,0.005,126.442,Otago Vertical Datum,4865488.063,1358369.612,NZGD2000,NZTM,Spot Height
MB4,4010,54.633,-0.001,126.256,Otago Vertical Datum,4865480.657,1358377.065,NZGD2000,NZTM,Spot Height
MB4,4011,65.104,0.011,125.56,Otago Vertical Datum,4865473.264,1358384.48,NZGD2000,NZTM,Spot Height
MB4,4012,74.582,0,124.829,Otago Vertical Datum,4865466.587,1358391.207,NZGD2000,NZTM,Spot Height
MB4,4013,79.333,0.009,124.879,Otago Vertical Datum,4865463.23,1358394.57,NZGD2000,NZTM,Spot Height
MB4,4014,90.186,-0.005,122.427,Otago Vertical Datum,4865455.586,1358402.274,NZGD2000,NZTM,Spot Height
MB4,4015,99.372,-0.015,119.664,Otago Vertical Datum,4865449.115,1358408.793,NZGD2000,NZTM,Spot Height
MB4,4016,108.893,-0.002,116.962,Otago Vertical Datum,4865442.39,1358415.534,NZGD2000,NZTM,Spot Height
MB4,4017,112.487,0.005,116.896,Otago Vertical Datum,4865439.851,1358418.077,NZGD2000,NZTM,Dune
MB4,4018,114.821,0.005,116.321,Otago Vertical Datum,4865438.205,1358419.732,NZGD2000,NZTM,Dune
MB4,4019,123.154,0.003,115.223,Otago Vertical Datum,4865432.329,1358425.641,NZGD2000,NZTM,Dune
MB4,4020,131.472,-0.004,116.529,Otago Vertical Datum,4865426.468,1358431.543,NZGD2000,NZTM,Dune
MB4,4021,138.853,-0.002,118.157,Otago Vertical Datum,4865421.261,1358436.774,NZGD2000,NZTM,Dune
MB4,4022,147.222,0,119.66,Otago Vertical Datum,4865415.358,1358442.706,NZGD2000,NZTM,Dune
MB4,4023,153.197,0.012,119.649,Otago Vertical Datum,4865411.135,1358446.934,NZGD2000,NZTM,Dune
MB4,4024,157.491,-0.007,116.901,Otago Vertical Datum,4865408.12,1358449.991,NZGD2000,NZTM,Dune
MB4,4025,160.143,-0.012,115.21,Otago Vertical Datum,4865406.253,1358451.875,NZGD2000,NZTM,Dune
MB4,4026,166.847,-0.003,113.246,Otago Vertical Datum,4865401.519,1358456.622,NZGD2000,NZTM,Dune
MB4,4027,175.569,-0.006,111.829,Otago Vertical Datum,4865395.37,1358462.807,NZGD2000,NZTM,Dune
MB4,4028,181.635,-0.006,110.461,Otago Vertical Datum,4865391.092,1358467.108,NZGD2000,NZTM,Dune
MB4,4029,183.318,-0.003,110.128,Otago Vertical Datum,4865389.903,1358468.299,NZGD2000,NZTM,Dune
MB4,4030,187.774,-0.013,108.595,Otago Vertical Datum,4865386.768,1358471.465,NZGD2000,NZTM,Dune
MB4,4031,193.418,0.003,107.931,Otago Vertical Datum,4865382.775,1358475.455,NZGD2000,NZTM,Dune
MB4,4032,198.551,-0.021,106.59,Otago Vertical Datum,4865379.173,1358479.111,NZGD2000,NZTM,Dune
MB4,4033,200.557,-0.005,106.109,Otago Vertical Datum,4865377.746,1358480.522,NZGD2000,NZTM,Dune
MB4,4034,207.223,-0.011,106.123,Otago Vertical Datum,4865373.05,1358485.252,NZGD2000,NZTM,Dune
MB4,4035,211.744,-0.004,105.818,Otago Vertical Datum,4865369.856,1358488.452,NZGD2000,NZTM,Fence
MB4,4036,217.022,0.002,104.896,Otago Vertical Datum,4865366.13,1358492.19,NZGD2000,NZTM,Sand
MB4,4037,223.089,-0.002,104.681,Otago Vertical Datum,4865361.853,1358496.494,NZGD2000,NZTM,Sand
MB4,4038,232.87,-0.004,104.764,Otago Vertical Datum,4865354.957,1358503.43,NZGD2000,NZTM,Sand
MB4,4039,239.23,-0.007,105.062,Otago Vertical Datum,4865350.474,1358507.941,NZGD2000,NZTM,Sand
MB4,4040,241.542,-0.022,105.058,Otago Vertical Datum,4865348.854,1358509.591,NZGD2000,NZTM,Sand
MB4,4041,247.335,0.025,105.153,Otago Vertical Datum,4865344.735,1358513.664,NZGD2000,NZTM,Sand
MB4,4042,252.821,-0.013,105.195,Otago Vertical Datum,4865340.893,1358517.581,NZGD2000,NZTM,Sand
MB4,4043,259.57,0.016,104.554,Otago Vertical Datum,4865336.113,1358522.345,NZGD2000,NZTM,Sand
MB4,4044,265.206,-0.004,104.025,Otago Vertical Datum,4865332.152,1358526.355,NZGD2000,NZTM,Sand
MB4,4045,271.897,-0.001,103.99,Otago Vertical Datum,4865327.431,1358531.096,NZGD2000,NZTM,Sand
MB4,4046,278.521,-0.003,104.011,Otago Vertical Datum,4865322.761,1358535.794,NZGD2000,NZTM,Sand
MB4,4047,283.497,-0.007,103.327,Otago Vertical Datum,4865319.254,1358539.324,NZGD2000,NZTM,Sand
MB4,4048,289.083,-0.011,102.636,Otago Vertical Datum,4865315.318,1358543.287,NZGD2000,NZTM,Sand
MB4,4049,295.683,-0.002,101.739,Otago Vertical Datum,4865310.656,1358547.96,NZGD2000,NZTM,Sand
MB4,4050,301.231,-0.013,101.088,Otago Vertical Datum,4865306.752,1358551.901,NZGD2000,NZTM,Sand
MB4,4051,307.554,0.001,100.436,Otago Vertical Datum,4865302.282,1358556.374,NZGD2000,NZTM,Sand
MB4,4052,312.744,-0.008,99.878,Otago Vertical Datum,4865298.629,1358560.06,NZGD2000,NZTM,Sand
MB4,4053,322.781,-0.008,98.649,Otago Vertical Datum,4865291.55,1358567.176,NZGD2000,NZTM,Sand
MB5,5000,2.723,0.001,126.474,Otago Vertical Datum,4866397.555,1360132.782,NZGD2000,NZTM,Fence
MB5,5001,7.247,0.022,126.188,Otago Vertical Datum,4866394.384,1360136.009,NZGD2000,NZTM,Spot Height
MB5,5002,11.183,0.019,125.828,Otago Vertical Datum,4866391.641,1360138.832,NZGD2000,NZTM,Road Edge
MB5,5003,15.004,0.021,126.13,Otago Vertical Datum,4866388.974,1360141.569,NZGD2000,NZTM,Road Centreline
MB5,5004,18.498,0.003,125.842,Otago Vertical Datum,4866386.55,1360144.085,NZGD2000,NZTM,Road Edge
MB5,5005,20.445,0.042,125.932,Otago Vertical Datum,4866385.164,1360145.453,NZGD2000,NZTM,Fence
MB5,5006,26.4,0.013,125.573,Otago Vertical Datum,4866381.031,1360149.74,NZGD2000,NZTM,Spot Height
MB5,5007,37.257,-0.003,125.392,Otago Vertical Datum,4866373.469,1360157.53,NZGD2000,NZTM,Spot Height
MB5,5008,52.491,-0.007,124.975,Otago Vertical Datum,4866362.846,1360168.449,NZGD2000,NZTM,Spot Height
MB5,5009,67.509,0.005,124.564,Otago Vertical Datum,4866352.361,1360179.202,NZGD2000,NZTM,Spot Height
MB5,5010,86.65,-0.001,124.199,Otago Vertical Datum,4866339.014,1360192.922,NZGD2000,NZTM,Spot Height
MB5,5011,103.291,-0.001,123.892,Otago Vertical Datum,4866327.407,1360204.846,NZGD2000,NZTM,Spot Height
MB5,5012,118.494,-0.011,123.668,Otago Vertical Datum,4866316.809,1360215.747,NZGD2000,NZTM,Spot Height
MB5,5013,131.748,0.088,123.323,Otago Vertical Datum,4866307.493,1360225.175,NZGD2000,NZTM,Spot Height
MB5,5014,144.52,0.014,122.806,Otago Vertical Datum,4866298.637,1360234.378,NZGD2000,NZTM,Spot Height
MB5,5015,155.281,-0.003,122.383,Otago Vertical Datum,4866291.143,1360242.101,NZGD2000,NZTM,Spot Height
MB5,5016,166.23,0.006,121.747,Otago Vertical Datum,4866283.5,1360249.94,NZGD2000,NZTM,Spot Height
MB5,5017,176.438,0.006,120.995,Otago Vertical Datum,4866276.379,1360257.255,NZGD2000,NZTM,Spot Height
MB5,5018,181.998,0.007,120.787,Otago Vertical Datum,4866272.5,1360261.238,NZGD2000,NZTM,Fence
MB5,5019,182.05,0.013,120.79,Otago Vertical Datum,4866272.459,1360261.271,NZGD2000,NZTM,Spot Height
MB5,5020,183.903,-0.016,120.529,Otago Vertical Datum,4866271.188,1360262.619,NZGD2000,NZTM,Vegetation
MB5,5021,197.14,0,117.621,Otago Vertical Datum,4866261.943,1360272.093,NZGD2000,NZTM,Vegetation
MB5,5022,212.722,-0.007,107.918,Otago Vertical Datum,4866251.079,1360283.263,NZGD2000,NZTM,Vegetation
MB5,5023,217.822,0,107.725,Otago Vertical Datum,4866247.517,1360286.912,NZGD2000,NZTM,Vegetation
MB5,5024,224.828,0,108.079,Otago Vertical Datum,4866242.63,1360291.933,NZGD2000,NZTM,Vegetation
MB5,5025,236.152,0,109.272,Otago Vertical Datum,4866234.73,1360300.047,NZGD2000,NZTM,Vegetation
MB5,5026,244.764,0,107.128,Otago Vertical Datum,4866228.723,1360306.218,NZGD2000,NZTM,Vegetation
MB5,5027,250.722,0.008,105.239,Otago Vertical Datum,4866224.562,1360310.481,NZGD2000,NZTM,Vegetation
MB5,5028,254.694,0.018,105.099,Otago Vertical Datum,4866221.784,1360313.321,NZGD2000,NZTM,Vegetation
MB5,5029,260.303,0.03,105.178,Otago Vertical Datum,4866217.863,1360317.332,NZGD2000,NZTM,Vegetation
MB5,5030,267.802,0.037,105.452,Otago Vertical Datum,4866212.627,1360322.7,NZGD2000,NZTM,Vegetation
MB5,5031,275.178,0.036,105.39,Otago Vertical Datum,4866207.483,1360327.986,NZGD2000,NZTM,Vegetation
MB5,5032,287.016,0.025,105.21,Otago Vertical Datum,4866199.234,1360336.476,NZGD2000,NZTM,Vegetation
MB5,5033,290.653,0.006,105.257,Otago Vertical Datum,4866196.71,1360339.096,NZGD2000,NZTM,Sand
MB5,5034,299.088,0.014,105.331,Otago Vertical Datum,4866190.821,1360345.134,NZGD2000,NZTM,Sand
MB5,5035,309.098,0.017,105.103,Otago Vertical Datum,4866183.836,1360352.305,NZGD2000,NZTM,Sand
MB5,5036,317.732,-0.023,104.985,Otago Vertical Datum,4866177.842,1360358.519,NZGD2000,NZTM,Sand
MB5,5037,320.799,0.006,104.495,Otago Vertical Datum,4866175.682,1360360.697,NZGD2000,NZTM,Sand
MB5,5038,328.139,-0.004,104.33,Otago Vertical Datum,4866170.569,1360365.963,NZGD2000,NZTM,Sand
MB5,5039,336.421,-0.001,104.199,Otago Vertical Datum,4866164.79,1360371.895,NZGD2000,NZTM,Sand
MB5,5040,345.659,0,103.814,Otago Vertical Datum,4866158.346,1360378.514,NZGD2000,NZTM,Sand
MB5,5041,355.814,0.028,103.763,Otago Vertical Datum,4866151.242,1360385.771,NZGD2000,NZTM,Sand
MB5,5042,362.28,0.006,103.16,Otago Vertical Datum,4866146.748,1360390.42,NZGD2000,NZTM,Sand
MB5,5043,369.58,0.01,102.446,Otago Vertical Datum,4866141.653,1360395.648,NZGD2000,NZTM,Sand
MB5,5044,378.073,0.025,101.389,Otago Vertical Datum,4866135.718,1360401.723,NZGD2000,NZTM,Sand
MB5,5045,386.579,-0.005,100.468,Otago Vertical Datum,4866129.806,1360407.839,NZGD2000,NZTM,Sand
MB5,5046,394.456,0.021,99.484,Otago Vertical Datum,4866124.293,1360413.465,NZGD2000,NZTM,Sand
MB5,5047,405.773,0,98.385,Otago Vertical Datum,4866116.414,1360421.589,NZGD2000,NZTM,Sand
MB6,6000,2.756,0.002,114.909,Otago Vertical Datum,4870348.883,1364206.242,NZGD2000,NZTM,Fence
MB6,6001,14.246,0.008,114.66,Otago Vertical Datum,4870340.483,1364214.082,NZGD2000,NZTM,Spot Height
MB6,6002,28.869,0.002,113.871,Otago Vertical Datum,4870329.802,1364224.069,NZGD2000,NZTM,Spot Height
MB6,6003,43.736,0.011,113.668,Otago Vertical Datum,4870318.932,1364234.212,NZGD2000,NZTM,Spot Height
MB6,6004,59.228,0.008,113.554,Otago Vertical Datum,4870307.614,1364244.79,NZGD2000,NZTM,Spot Height
MB6,6005,75.282,0.03,113.302,Otago Vertical Datum,4870295.868,1364255.734,NZGD2000,NZTM,Spot Height
MB6,6006,90.386,0.016,113.036,Otago Vertical Datum,4870284.841,1364266.055,NZGD2000,NZTM,Spot Height
MB6,6007,107.04,-0.007,112.891,Otago Vertical Datum,4870272.687,1364277.441,NZGD2000,NZTM,Spot Height
MB6,6008,121.971,0.031,112.656,Otago Vertical Datum,4870261.751,1364287.607,NZGD2000,NZTM,Spot Height
MB6,6009,137.815,-0.021,112.508,Otago Vertical Datum,4870250.209,1364298.461,NZGD2000,NZTM,Spot Height
MB6,6010,153.596,0.013,112.107,Otago Vertical Datum,4870238.654,1364309.21,NZGD2000,NZTM,Spot Height
MB6,6011,170.138,0.021,112.058,Otago Vertical Datum,4870226.562,1364320.497,NZGD2000,NZTM,Spot Height
MB6,6012,187.339,0.02,111.921,Otago Vertical Datum,4870213.993,1364332.241,NZGD2000,NZTM,Spot Height
MB6,6013,202.469,0.012,111.823,Otago Vertical Datum,4870202.943,1364342.575,NZGD2000,NZTM,Spot Height
MB6,6014,218.335,0.014,111.646,Otago Vertical Datum,4870191.348,1364353.405,NZGD2000,NZTM,Spot Height
MB6,6015,225.292,0.034,111.6,Otago Vertical Datum,4870186.251,1364358.14,NZGD2000,NZTM,Fence
MB6,6016,226.484,-0.022,111.686,Otago Vertical Datum,4870185.418,1364358.995,NZGD2000,NZTM,Vegetation
MB6,6017,229.796,0,108.759,Otago Vertical Datum,4870182.983,1364361.24,NZGD2000,NZTM,Vegetation
MB6,6018,234.731,0,107.149,Otago Vertical Datum,4870179.377,1364364.609,NZGD2000,NZTM,Vegetation
MB6,6019,241.643,-0.019,106.207,Otago Vertical Datum,4870174.339,1364369.342,NZGD2000,NZTM,Vegetation
MB6,6020,244.725,0.002,105.92,Otago Vertical Datum,4870172.072,1364371.43,NZGD2000,NZTM,Vegetation
MB6,6021,249.535,0.007,105.937,Otago Vertical Datum,4870168.554,1364374.71,NZGD2000,NZTM,Vegetation
MB6,6022,253.721,0.002,105.325,Otago Vertical Datum,4870165.499,1364377.572,NZGD2000,NZTM,Vegetation
MB6,6023,257,0.002,104.961,Otago Vertical Datum,4870163.103,1364379.81,NZGD2000,NZTM,Sand
MB6,6024,263.762,0.004,104.188,Otago Vertical Datum,4870158.161,1364384.425,NZGD2000,NZTM,Sand
MB6,6025,271.954,-0.023,104.063,Otago Vertical Datum,4870152.193,1364390.037,NZGD2000,NZTM,Sand
MB6,6026,279.766,0.005,104.084,Otago Vertical Datum,4870146.466,1364395.35,NZGD2000,NZTM,Sand
MB6,6027,284.928,-0.022,103.431,Otago Vertical Datum,4870142.712,1364398.893,NZGD2000,NZTM,Sand
MB6,6028,291.859,-0.002,102.419,Otago Vertical Datum,4870137.634,1364403.611,NZGD2000,NZTM,Sand
MB6,6029,299.75,-0.012,101.372,Otago Vertical Datum,4870131.875,1364409.005,NZGD2000,NZTM,Sand
MB6,6030,306.182,0.021,100.591,Otago Vertical Datum,4870127.152,1364413.372,NZGD2000,NZTM,Sand
MB6,6031,319.148,0,99.088,Otago Vertical Datum,4870117.692,1364422.239,NZGD2000,NZTM,Sand
MB6,6032,331.407,0,98.248,Otago Vertical Datum,4870108.734,1364430.608,NZGD2000,NZTM,Sand
MB7,7000,4.567,-0.004,104.755,Otago Vertical Datum,4873279.836,1367808.429,NZGD2000,NZTM,Fence
MB7,7001,8.468,0.004,104.501,Otago Vertical Datum,4873277.069,1367811.179,NZGD2000,NZTM,Road Edge
MB7,7002,11.135,0.005,104.491,Otago Vertical Datum,4873275.181,1367813.062,NZGD2000,NZTM,Road Centreline
MB7,7003,13.991,-0.006,104.445,Otago Vertical Datum,4873273.167,1367815.087,NZGD2000,NZTM,Road Edge
MB7,7004,17.558,-0.006,104.064,Otago Vertical Datum,4873270.642,1367817.607,NZGD2000,NZTM,Fence
MB7,7005,20.714,0.001,103.781,Otago Vertical Datum,4873268.403,1367819.831,NZGD2000,NZTM,Vegetation
MB7,7006,24.285,0,102.993,Otago Vertical Datum,4873265.876,1367822.354,NZGD2000,NZTM,Vegetation
MB7,7007,39.429,0,100.181,Otago Vertical Datum,4873255.157,1367833.052,NZGD2000,NZTM,Swamp
MB7,7008,40.415,-0.021,101.255,Otago Vertical Datum,4873254.474,1367833.763,NZGD2000,NZTM,Swamp
MB7,7009,42.75,0.015,101.589,Otago Vertical Datum,4873252.795,1367835.387,NZGD2000,NZTM,Swamp
MB7,7010,48.297,0.005,101.509,Otago Vertical Datum,4873248.876,1367839.312,NZGD2000,NZTM,Swamp
MB7,7011,56.623,-0.014,101.354,Otago Vertical Datum,4873242.996,1367845.207,NZGD2000,NZTM,Swamp
MB7,7012,60.497,0,101.386,Otago Vertical Datum,4873240.244,1367847.934,NZGD2000,NZTM,Fence
MB7,7013,64.28,-0.006,101.53,Otago Vertical Datum,4873237.571,1367850.61,NZGD2000,NZTM,Spot Height
MB7,7014,73.401,0.009,101.622,Otago Vertical Datum,4873231.104,1367857.042,NZGD2000,NZTM,Spot Height
MB7,7015,85.099,-0.003,101.668,Otago Vertical Datum,4873222.832,1367865.314,NZGD2000,NZTM,Spot Height
MB7,7016,98.212,0.002,101.698,Otago Vertical Datum,4873213.546,1367874.573,NZGD2000,NZTM,Spot Height
MB7,7017,113.92,-0.003,101.995,Otago Vertical Datum,4873202.431,1367885.672,NZGD2000,NZTM,Spot Height
MB7,7018,128.993,-0.008,102.217,Otago Vertical Datum,4873191.765,1367896.323,NZGD2000,NZTM,Spot Height
MB7,7019,145.08,0.011,102.447,Otago Vertical Datum,4873180.365,1367907.673,NZGD2000,NZTM,Spot Height
MB7,7020,158.957,0.002,102.659,Otago Vertical Datum,4873170.549,1367917.482,NZGD2000,NZTM,Spot Height
MB7,7021,173.619,0.004,102.65,Otago Vertical Datum,4873160.169,1367927.837,NZGD2000,NZTM,Spot Height
MB7,7022,187.185,-0.002,102.833,Otago Vertical Datum,4873150.57,1367937.424,NZGD2000,NZTM,Spot Height
MB7,7023,190.191,-0.009,103.075,Otago Vertical Datum,4873148.448,1367939.552,NZGD2000,NZTM,Fence
MB7,7024,191.045,0.003,103.155,Otago Vertical Datum,4873147.835,1367940.147,NZGD2000,NZTM,Spot Height
MB7,7025,194.904,0.016,103.956,Otago Vertical Datum,4873145.094,1367942.864,NZGD2000,NZTM,Spot Height
MB7,7026,201.197,0.008,105.182,Otago Vertical Datum,4873140.645,1367947.315,NZGD2000,NZTM,Spot Height
MB7,7027,204.461,0.002,104.861,Otago Vertical Datum,4873138.339,1367949.625,NZGD2000,NZTM,Spot Height
MB7,7028,210.146,0.002,104.86,Otago Vertical Datum,4873134.315,1367953.64,NZGD2000,NZTM,Spot Height
MB7,7029,218.751,0.011,105.152,Otago Vertical Datum,4873128.218,1367959.712,NZGD2000,NZTM,Spot Height
MB7,7030,226.966,0.01,105.279,Otago Vertical Datum,4873122.404,1367965.516,NZGD2000,NZTM,Spot Height
MB7,7031,231.136,0.012,103.742,Otago Vertical Datum,4873119.451,1367968.46,NZGD2000,NZTM,Spot Height
MB7,7032,231.136,0.012,103.742,Otago Vertical Datum,4873119.451,1367968.46,NZGD2000,NZTM,Spot Height
MB7,7033,236.27,-0.003,102.778,Otago Vertical Datum,4873115.827,1367972.097,NZGD2000,NZTM,Spot Height
MB7,7034,244.829,0,102.458,Otago Vertical Datum,4873109.766,1367978.141,NZGD2000,NZTM,Spot Height
MB7,7035,247.895,0.001,102.802,Otago Vertical Datum,4873107.596,1367980.306,NZGD2000,NZTM,Spot Height
MB7,7036,251.628,0.005,103.544,Otago Vertical Datum,4873104.95,1367982.94,NZGD2000,NZTM,Spot Height
MB7,7037,253.427,0.007,103.728,Otago Vertical Datum,4873103.676,1367984.209,NZGD2000,NZTM,Spot Height
MB7,7038,257.948,0.016,101.751,Otago Vertical Datum,4873100.469,1367987.397,NZGD2000,NZTM,Spot Height
MB7,7039,268.436,0.012,101.545,Otago Vertical Datum,4873093.048,1367994.808,NZGD2000,NZTM,Spot Height
MB7,7040,272.332,0.014,101.689,Otago Vertical Datum,4873090.289,1367997.558,NZGD2000,NZTM,Spot Height
MB7,7041,275.705,-0.006,102.532,Otago Vertical Datum,4873087.915,1367999.955,NZGD2000,NZTM,Spot Height
MB7,7042,278.74,0.011,102.43,Otago Vertical Datum,4873085.755,1368002.087,NZGD2000,NZTM,Spot Height
MB7,7043,282.798,0.002,103.372,Otago Vertical Datum,4873082.889,1368004.96,NZGD2000,NZTM,Spot Height
MB7,7044,284.766,-0.002,103.451,Otago Vertical Datum,4873081.499,1368006.353,NZGD2000,NZTM,Spot Height
MB7,7045,287.324,-0.006,103.933,Otago Vertical Datum,4873079.691,1368008.162,NZGD2000,NZTM,Spot Height
MB7,7046,288.92,-0.004,103.43,Otago Vertical Datum,4873078.56,1368009.288,NZGD2000,NZTM,Spot Height
MB7,7047,292.628,-0.008,103.211,Otago Vertical Datum,4873075.938,1368011.91,NZGD2000,NZTM,Spot Height
MB7,7048,294.065,0.003,103.381,Otago Vertical Datum,4873074.913,1368012.918,NZGD2000,NZTM,Spot Height
MB7,7049,296.937,-0.002,104.541,Otago Vertical Datum,4873072.884,1368014.95,NZGD2000,NZTM,Spot Height
MB7,7050,301.355,-0.002,106.188,Otago Vertical Datum,4873069.757,1368018.071,NZGD2000,NZTM,Spot Height
MB7,7051,302.841,0.025,106.214,Otago Vertical Datum,4873068.686,1368019.101,NZGD2000,NZTM,Spot Height
MB7,7052,305.805,-0.003,104.849,Otago Vertical Datum,4873066.607,1368021.215,NZGD2000,NZTM,Spot Height
MB7,7053,310.547,0.011,102.569,Otago Vertical Datum,4873063.241,1368024.555,NZGD2000,NZTM,Spot Height
MB7,7054,312.689,-0.004,101.728,Otago Vertical Datum,4873061.735,1368026.078,NZGD2000,NZTM,Spot Height
MB7,7055,323.233,0.023,101.798,Otago Vertical Datum,4873054.253,1368033.507,NZGD2000,NZTM,Spot Height
MB7,7056,326.751,-0.031,101.505,Otago Vertical Datum,4873051.801,1368036.03,NZGD2000,NZTM,Spot Height
MB7,7057,331.961,0.003,101.638,Otago Vertical Datum,4873048.089,1368039.687,NZGD2000,NZTM,Spot Height
MB7,7058,343.684,0.013,101.641,Otago Vertical Datum,4873039.784,1368047.96,NZGD2000,NZTM,Spot Height
MB7,7059,349.821,-0.002,101.961,Otago Vertical Datum,4873035.45,1368052.306,NZGD2000,NZTM,Spot Height
MB7,7060,360.114,0.006,102.732,Otago Vertical Datum,4873028.159,1368059.571,NZGD2000,NZTM,Spot Height
MB7,7061,363.266,0.008,102.784,Otago Vertical Datum,4873025.927,1368061.796,NZGD2000,NZTM,Fence
MB7,7062,365.205,0.005,103.094,Otago Vertical Datum,4873024.556,1368063.168,NZGD2000,NZTM,Dune
MB7,7063,369.106,0.001,102.138,Otago Vertical Datum,4873021.798,1368065.926,NZGD2000,NZTM,Dune
MB7,7064,374.845,0.005,101.712,Otago Vertical Datum,4873017.733,1368069.977,NZGD2000,NZTM,Dune
MB7,7065,381.924,0.006,102.038,Otago Vertical Datum,4873012.721,1368074.977,NZGD2000,NZTM,Dune
MB7,7066,388.292,0.016,102.675,Otago Vertical Datum,4873008.207,1368079.468,NZGD2000,NZTM,Dune
MB7,7067,391.215,0.003,103.094,Otago Vertical Datum,4873006.147,1368081.542,NZGD2000,NZTM,Dune
MB7,7068,394.721,0.007,103.423,Otago Vertical Datum,4873003.662,1368084.016,NZGD2000,NZTM,Dune
MB7,7069,399.962,0.006,104.716,Otago Vertical Datum,4872999.953,1368087.719,NZGD2000,NZTM,Dune
MB7,7070,402.44,0.009,104.369,Otago Vertical Datum,4872998.197,1368089.467,NZGD2000,NZTM,Dune
MB7,7071,407.007,0.003,104.709,Otago Vertical Datum,4872994.968,1368092.697,NZGD2000,NZTM,Dune
MB7,7072,411.153,0.007,104.704,Otago Vertical Datum,4872992.031,1368095.623,NZGD2000,NZTM,Dune
MB7,7073,413.692,0.005,105.541,Otago Vertical Datum,4872990.235,1368097.418,NZGD2000,NZTM,Dune
MB7,7074,415.371,0.002,103.233,Otago Vertical Datum,4872989.049,1368098.606,NZGD2000,NZTM,Sand
MB7,7075,417.666,0.013,102.496,Otago Vertical Datum,4872987.417,1368100.219,NZGD2000,NZTM,Sand
MB7,7076,420.154,0.004,102.221,Otago Vertical Datum,4872985.662,1368101.983,NZGD2000,NZTM,Sand
MB7,7077,426.77,-0.005,101.541,Otago Vertical Datum,4872980.985,1368106.663,NZGD2000,NZTM,Sand
MB7,7078,432.874,0.011,101.004,Otago Vertical Datum,4872976.653,1368110.963,NZGD2000,NZTM,Sand
MB7,7079,438.953,-0.001,100.603,Otago Vertical Datum,4872972.359,1368115.266,NZGD2000,NZTM,Sand
MB7,7080,445.19,0.005,100.297,Otago Vertical Datum,4872967.94,1368119.667,NZGD2000,NZTM,Sand
MB7,7081,451.747,0.033,99.923,Otago Vertical Datum,4872963.279,1368124.279,NZGD2000,NZTM,Sand
MB7,7082,457.855,-0.006,99.657,Otago Vertical Datum,4872958.983,1368128.621,NZGD2000,NZTM,Sand
MB7,7083,464.366,0.011,99.3,Otago Vertical Datum,4872954.362,1368133.208,NZGD2000,NZTM,Sand
MB7,7084,470.883,0,98.943,Otago Vertical Datum,4872949.757,1368137.819,NZGD2000,NZTM,Sand
MB7,7085,475.698,0,98.685,Otago Vertical Datum,4872946.348,1368141.221,NZGD2000,NZTM,Sand
MB8,8000,-1.039,0.039,104.628,Otago Vertical Datum,4876831.233,1371028.489,NZGD2000,NZTM,Fence
MB8,8001,2.441,-0.016,104.743,Otago Vertical Datum,4876828.821,1371030.998,NZGD2000,NZTM,Spot Height
MB8,8002,4.89,0.001,105.081,Otago Vertical Datum,4876827.104,1371032.744,NZGD2000,NZTM,Road Edge
MB8,8003,8.146,-0.004,105.464,Otago Vertical Datum,4876824.84,1371035.084,NZGD2000,NZTM,Road Centreline
MB8,8004,12.06,-0.023,105.154,Otago Vertical Datum,4876822.128,1371037.906,NZGD2000,NZTM,Road Edge
MB8,8005,14.293,-0.002,104.995,Otago Vertical Datum,4876820.558,1371039.494,NZGD2000,NZTM,Spot Height
MB8,8006,17.122,-0.014,104.805,Otago Vertical Datum,4876818.596,1371041.532,NZGD2000,NZTM,Fence
MB8,8007,19.256,0.024,104.557,Otago Vertical Datum,4876817.083,1371043.038,NZGD2000,NZTM,Spot Height
MB8,8008,19.912,-0.01,104.79,Otago Vertical Datum,4876816.651,1371043.532,NZGD2000,NZTM,Spot Height
MB8,8009,22.501,-0.012,105.03,Otago Vertical Datum,4876814.849,1371045.391,NZGD2000,NZTM,Spot Height
MB8,8010,29.462,-0.008,105.58,Otago Vertical Datum,4876809.998,1371050.384,NZGD2000,NZTM,Spot Height
MB8,8011,36.751,0.006,107.107,Otago Vertical Datum,4876804.912,1371055.605,NZGD2000,NZTM,Spot Height
MB8,8012,42.626,0.008,108.912,Otago Vertical Datum,4876800.819,1371059.82,NZGD2000,NZTM,Spot Height
MB8,8013,48.043,0.005,111.359,Otago Vertical Datum,4876797.049,1371063.71,NZGD2000,NZTM,Spot Height
MB8,8014,53.185,0.007,112.99,Otago Vertical Datum,4876793.467,1371067.398,NZGD2000,NZTM,Spot Height
MB8,8015,60.962,-0.002,114.031,Otago Vertical Datum,4876788.057,1371072.986,NZGD2000,NZTM,Spot Height
MB8,8016,72.664,0.002,114.798,Otago Vertical Datum,4876779.905,1371081.381,NZGD2000,NZTM,Spot Height
MB8,8017,84.471,-0.015,115.372,Otago Vertical Datum,4876771.695,1371089.866,NZGD2000,NZTM,Spot Height
MB8,8018,95.693,0.005,116.001,Otago Vertical Datum,4876763.866,1371097.906,NZGD2000,NZTM,Spot Height
MB8,8019,102.876,0.014,116.197,Otago Vertical Datum,4876758.857,1371103.054,NZGD2000,NZTM,Spot Height
MB8,8020,106.524,-0.002,114.284,Otago Vertical Datum,4876756.328,1371105.684,NZGD2000,NZTM,Spot Height
MB8,8021,113.651,-0.002,111.852,Otago Vertical Datum,4876751.365,1371110.798,NZGD2000,NZTM,Spot Height
MB8,8022,127.285,-0.011,105.933,Otago Vertical Datum,4876741.876,1371120.589,NZGD2000,NZTM,Spot Height
MB8,8023,130.858,0.015,104.369,Otago Vertical Datum,4876739.37,1371123.135,NZGD2000,NZTM,Spot Height
MB8,8024,141.465,0.007,103.252,Otago Vertical Datum,4876731.989,1371130.753,NZGD2000,NZTM,Spot Height
MB8,8025,155.53,0.007,102.761,Otago Vertical Datum,4876722.194,1371140.847,NZGD2000,NZTM,Spot Height
MB8,8026,168.403,0.003,101.984,Otago Vertical Datum,4876713.232,1371150.088,NZGD2000,NZTM,Spot Height
MB8,8027,171.431,-0.011,102.036,Otago Vertical Datum,4876711.133,1371152.271,NZGD2000,NZTM,Fence
MB8,8028,171.743,0.004,101.883,Otago Vertical Datum,4876710.905,1371152.484,NZGD2000,NZTM,Spot Height
MB8,8029,172.173,-0.012,101.426,Otago Vertical Datum,4876710.617,1371152.804,NZGD2000,NZTM,Water Edge
MB8,8030,172.29,-0.007,99.617,Otago Vertical Datum,4876710.532,1371152.884,NZGD2000,NZTM,Mud and Sand
MB8,8031,179.512,0,99.807,Otago Vertical Datum,4876705.498,1371158.062,NZGD2000,NZTM,Mud and Sand
MB8,8032,179.563,0,101.48,Otago Vertical Datum,4876705.462,1371158.099,NZGD2000,NZTM,Water Edge
MB8,8033,179.966,-0.007,102.801,Otago Vertical Datum,4876705.186,1371158.393,NZGD2000,NZTM,Dune
MB8,8034,184.671,0.008,103.126,Otago Vertical Datum,4876701.899,1371161.759,NZGD2000,NZTM,Dune
MB8,8035,189.848,0.001,103.992,Otago Vertical Datum,4876698.299,1371165.479,NZGD2000,NZTM,Dune
MB8,8036,193.915,0.006,104.29,Otago Vertical Datum,4876695.463,1371168.395,NZGD2000,NZTM,Dune
MB8,8037,200.189,-0.03,104.356,Otago Vertical Datum,4876691.12,1371172.922,NZGD2000,NZTM,Dune
MB8,8038,205.764,0.006,105.105,Otago Vertical Datum,4876687.212,1371176.898,NZGD2000,NZTM,Dune
MB8,8039,215.164,0.005,104.456,Otago Vertical Datum,4876680.666,1371183.645,NZGD2000,NZTM,Dune
MB8,8040,226.238,0.005,104.641,Otago Vertical Datum,4876672.954,1371191.592,NZGD2000,NZTM,Dune
MB8,8041,236.369,-0.023,104.874,Otago Vertical Datum,4876665.919,1371198.882,NZGD2000,NZTM,Dune
MB8,8042,244.378,0.008,104.973,Otago Vertical Datum,4876660.319,1371204.608,NZGD2000,NZTM,Dune
MB8,8043,252.661,0.009,105.182,Otago Vertical Datum,4876654.55,1371210.552,NZGD2000,NZTM,Dune
MB8,8044,253.302,0.038,104.883,Otago Vertical Datum,4876654.083,1371210.991,NZGD2000,NZTM,Dune
MB8,8045,256.623,0.006,104.069,Otago Vertical Datum,4876651.793,1371213.397,NZGD2000,NZTM,Dune
MB8,8046,261.185,0.008,103.204,Otago Vertical Datum,4876648.615,1371216.67,NZGD2000,NZTM,Dune
MB8,8047,266.588,0.011,102.949,Otago Vertical Datum,4876644.85,1371220.545,NZGD2000,NZTM,Dune
MB8,8048,275.69,0.03,102.779,Otago Vertical Datum,4876638.498,1371227.064,NZGD2000,NZTM,Dune
MB8,8049,286.028,0.003,102.388,Otago Vertical Datum,4876631.318,1371234.502,NZGD2000,NZTM,Dune
MB8,8050,288.923,0.011,102.188,Otago Vertical Datum,4876629.296,1371236.574,NZGD2000,NZTM,Dune
MB8,8051,299.737,0.006,102.207,Otago Vertical Datum,4876621.769,1371244.338,NZGD2000,NZTM,Dune
MB8,8052,308.033,-0.003,102.063,Otago Vertical Datum,4876615.998,1371250.298,NZGD2000,NZTM,Dune
MB8,8053,315.177,-0.003,102.866,Otago Vertical Datum,4876611.023,1371255.425,NZGD2000,NZTM,Dune
MB8,8054,320.051,0.009,103.255,Otago Vertical Datum,4876607.62,1371258.914,NZGD2000,NZTM,Dune
MB8,8055,327.877,-0.004,102.962,Otago Vertical Datum,4876602.179,1371264.54,NZGD2000,NZTM,Dune
MB8,8056,337.895,-0.001,103.287,Otago Vertical Datum,4876595.2,1371271.727,NZGD2000,NZTM,Dune
MB8,8057,340.379,0.01,103.603,Otago Vertical Datum,4876593.462,1371273.502,NZGD2000,NZTM,Dune
MB8,8058,343.507,0.006,104.43,Otago Vertical Datum,4876591.287,1371275.75,NZGD2000,NZTM,Dune
MB8,8059,347.845,-0.005,105.827,Otago Vertical Datum,4876588.274,1371278.871,NZGD2000,NZTM,Dune
MB8,8060,353.917,-0.007,108.95,Otago Vertical Datum,4876584.047,1371283.23,NZGD2000,NZTM,Dune
MB8,8061,359.068,-0.007,109.221,Otago Vertical Datum,4876580.46,1371286.926,NZGD2000,NZTM,Dune
MB8,8062,363.388,0.009,108.744,Otago Vertical Datum,4876577.44,1371290.015,NZGD2000,NZTM,Dune
MB8,8063,368.363,0.01,107.546,Otago Vertical Datum,4876573.974,1371293.585,NZGD2000,NZTM,Dune
MB8,8064,371.305,0.003,107.56,Otago Vertical Datum,4876571.931,1371295.701,NZGD2000,NZTM,Dune
MB8,8065,377.007,0.004,107.044,Otago Vertical Datum,4876567.959,1371299.792,NZGD2000,NZTM,Dune
MB8,8066,382.079,0.008,106.592,Otago Vertical Datum,4876564.424,1371303.429,NZGD2000,NZTM,Dune
MB8,8067,387.865,0.004,105.731,Otago Vertical Datum,4876560.398,1371307.585,NZGD2000,NZTM,Dune
MB8,8068,395.17,0.004,104.668,Otago Vertical Datum,4876555.31,1371312.827,NZGD2000,NZTM,Dune
MB8,8069,397.817,0.008,105.152,Otago Vertical Datum,4876553.464,1371314.724,NZGD2000,NZTM,Dune
MB8,8070,405.986,0.001,105.23,Otago Vertical Datum,4876547.78,1371320.591,NZGD2000,NZTM,Dune
MB8,8071,409.125,-0.013,104.465,Otago Vertical Datum,4876545.604,1371322.854,NZGD2000,NZTM,Dune
MB8,8072,414.041,0.011,104.479,Otago Vertical Datum,4876542.164,1371326.365,NZGD2000,NZTM,Dune
MB8,8073,417.514,0.007,103.871,Otago Vertical Datum,4876539.748,1371328.86,NZGD2000,NZTM,Dune
MB8,8074,427.773,0.001,103.615,Otago Vertical Datum,4876532.608,1371336.227,NZGD2000,NZTM,Dune
MB8,8075,436.312,-0.004,103.512,Otago Vertical Datum,4876526.665,1371342.358,NZGD2000,NZTM,Dune
MB8,8076,442.018,0.008,103.815,Otago Vertical Datum,4876522.682,1371346.445,NZGD2000,NZTM,Dune
MB8,8077,447.586,0.002,105.178,Otago Vertical Datum,4876518.809,1371350.445,NZGD2000,NZTM,Dune
MB8,8078,449.459,-0.006,106.15,Otago Vertical Datum,4876517.511,1371351.795,NZGD2000,NZTM,Dune
MB8,8079,455.107,-0.003,107.456,Otago Vertical Datum,4876513.575,1371355.846,NZGD2000,NZTM,Dune
MB8,8080,455.783,0.003,106.899,Otago Vertical Datum,4876513.1,1371356.327,NZGD2000,NZTM,Dune
MB8,8081,459.585,0.009,105.223,Otago Vertical Datum,4876510.448,1371359.051,NZGD2000,NZTM,Dune
MB8,8082,461.476,0.014,105.177,Otago Vertical Datum,4876509.128,1371360.405,NZGD2000,NZTM,Dune
MB8,8083,464.839,0.005,106.844,Otago Vertical Datum,4876506.792,1371362.825,NZGD2000,NZTM,Dune
MB8,8084,470.413,0.005,106.448,Otago Vertical Datum,4876502.91,1371366.825,NZGD2000,NZTM,Dune
MB8,8085,473.915,0.005,105.447,Otago Vertical Datum,4876500.472,1371369.338,NZGD2000,NZTM,Dune
MB8,8086,478.646,0.004,105.033,Otago Vertical Datum,4876497.178,1371372.734,NZGD2000,NZTM,Dune
MB8,8087,481.067,0.003,105.366,Otago Vertical Datum,4876495.492,1371374.472,NZGD2000,NZTM,Dune
MB8,8088,486.951,0.003,105.057,Otago Vertical Datum,4876491.395,1371378.695,NZGD2000,NZTM,Dune
MB8,8089,489.141,-0.003,104.673,Otago Vertical Datum,4876489.874,1371380.271,NZGD2000,NZTM,Dune
MB8,8090,495.388,0.003,104.53,Otago Vertical Datum,4876485.519,1371384.75,NZGD2000,NZTM,Dune
MB8,8091,497.418,0.014,104.168,Otago Vertical Datum,4876484.098,1371386.199,NZGD2000,NZTM,Sand
MB8,8092,505.243,0,103.173,Otago Vertical Datum,4876478.658,1371391.824,NZGD2000,NZTM,Sand
MB8,8093,509.93,0.003,102.878,Otago Vertical Datum,4876475.392,1371395.186,NZGD2000,NZTM,Sand
MB8,8094,520.634,-0.005,102.692,Otago Vertical Datum,4876467.943,1371402.873,NZGD2000,NZTM,Sand
MB8,8095,530.724,0.003,102.595,Otago Vertical Datum,4876460.911,1371410.109,NZGD2000,NZTM,Sand
MB8,8096,538.932,0,102.51,Otago Vertical Datum,4876455.197,1371416.001,NZGD2000,NZTM,Sand
MB8,8097,544.833,0.007,101.998,Otago Vertical Datum,4876451.083,1371420.231,NZGD2000,NZTM,Sand
MB8,8098,551.546,0.008,101.125,Otago Vertical Datum,4876446.407,1371425.048,NZGD2000,NZTM,Sand
MB8,8099,558.409,0,100.432,Otago Vertical Datum,4876441.633,1371429.979,NZGD2000,NZTM,Sand
MB8,8100,568.12,0,99.762,Otago Vertical Datum,4876434.871,1371436.948,NZGD2000,NZTM,Sand
MB8,8101,581.748,0,98.944,Otago Vertical Datum,4876425.38,1371446.728,NZGD2000,NZTM,Sand
KAK1,100,46.591,0,104.55,Otago Vertical Datum,4858965.84,1352567.134,NZGD2000,NZTM,Shingle
KAK1,101,52.313,-0.017,104.502,Otago Vertical Datum,4858964.079,1352572.579,NZGD2000,NZTM,Road Edge
KAK1,102,55.783,-0.021,104.553,Otago Vertical Datum,4858963.006,1352575.879,NZGD2000,NZTM,Road Centreline
KAK1,103,59.539,0,104.422,Otago Vertical Datum,4858961.819,1352579.443,NZGD2000,NZTM,Road Edge
KAK1,104,63.52,-0.026,103.655,Otago Vertical Datum,4858960.608,1352583.234,NZGD2000,NZTM,Spot Height
KAK1,105,67.606,0.017,103.22,Otago Vertical Datum,4858959.298,1352587.105,NZGD2000,NZTM,Spot Height
KAK1,106,70.4,-0.021,103.632,Otago Vertical Datum,4858958.467,1352589.773,NZGD2000,NZTM,Top of Bank
KAK1,107,72.01,-0.024,102.705,Otago Vertical Datum,4858957.969,1352591.304,NZGD2000,NZTM,Spot Height
KAK1,108,73.312,0.006,102.256,Otago Vertical Datum,4858957.536,1352592.532,NZGD2000,NZTM,Bottom of Bank
KAK1,109,74.021,-0.025,102.209,Otago Vertical Datum,4858957.345,1352593.215,NZGD2000,NZTM,Sand
KAK1,110,79.124,-0.022,101.892,Otago Vertical Datum,4858955.758,1352598.066,NZGD2000,NZTM,Sand
KAK1,111,82.45,-0.023,101.916,Otago Vertical Datum,4858954.726,1352601.227,NZGD2000,NZTM,Sand
KAK1,112,90.582,-0.017,101.978,Otago Vertical Datum,4858952.195,1352608.956,NZGD2000,NZTM,Sand
KAK1,113,92.904,0.026,101.923,Otago Vertical Datum,4858951.433,1352611.149,NZGD2000,NZTM,Sand
KAK1,114,104.756,0.019,101.375,Otago Vertical Datum,4858947.759,1352622.418,NZGD2000,NZTM,Sand
KAK1,115,106.482,-0.02,101.285,Otago Vertical Datum,4858947.26,1352624.07,NZGD2000,NZTM,Sand
KAK1,116,116.513,-0.028,100.874,Otago Vertical Datum,4858944.152,1352633.608,NZGD2000,NZTM,Sand
KAK1,117,116.919,-0.028,100.825,Otago Vertical Datum,4858944.026,1352633.993,NZGD2000,NZTM,Sand
KAK1,118,127.402,0.028,100.544,Otago Vertical Datum,4858940.717,1352643.941,NZGD2000,NZTM,Sand
KAK1,119,139.486,0.019,100.255,Otago Vertical Datum,4858936.973,1352655.43,NZGD2000,NZTM,Sand
KAK1,120,154.074,0.046,99.937,Otago Vertical Datum,4858932.417,1352669.289,NZGD2000,NZTM,Sand
KAK1,121,161.599,-0.024,99.714,Otago Vertical Datum,4858930.148,1352676.463,NZGD2000,NZTM,Sand
KAK1,122,173.107,0.011,99.483,Otago Vertical Datum,4858926.54,1352687.392,NZGD2000,NZTM,Sand
KAK1,123,185.125,-0.022,99.243,Otago Vertical Datum,4858922.839,1352698.826,NZGD2000,NZTM,Sand
KAK1,124,196.846,-0.017,99.019,Otago Vertical Datum,4858919.194,1352709.966,NZGD2000,NZTM,Sand
KAK1,125,201.141,0,98.935,Otago Vertical Datum,4858917.844,1352714.043,NZGD2000,NZTM,Sand
KAK2,200,5.222,0,108.434,Otago Vertical Datum,4858686.807,1352555.553,NZGD2000,NZTM,Shingle
KAK2,201,7.624,-0.025,108.259,Otago Vertical Datum,4858686.124,1352557.856,NZGD2000,NZTM,Road Edge
KAK2,202,11.151,-0.024,108.092,Otago Vertical Datum,4858685.085,1352561.226,NZGD2000,NZTM,Road Centreline
KAK2,203,14.826,-0.01,107.843,Otago Vertical Datum,4858683.99,1352564.735,NZGD2000,NZTM,Road Edge
KAK2,204,16.964,-0.024,107.4,Otago Vertical Datum,4858683.373,1352566.782,NZGD2000,NZTM,Top of Bank
KAK2,205,21.947,-0.022,105.421,Otago Vertical Datum,4858681.905,1352571.543,NZGD2000,NZTM,Top of Bank
KAK2,206,26.516,0.022,102.133,Otago Vertical Datum,4858680.518,1352575.897,NZGD2000,NZTM,Bottom of Bank
KAK2,207,34.317,-0.048,101.646,Otago Vertical Datum,4858678.288,1352583.373,NZGD2000,NZTM,Sand
KAK2,208,43.433,-0.01,101.141,Otago Vertical Datum,4858675.568,1352592.074,NZGD2000,NZTM,Sand
KAK2,209,45.41,-0.022,101.204,Otago Vertical Datum,4858674.997,1352593.967,NZGD2000,NZTM,Sand
KAK2,210,53.227,-0.022,100.778,Otago Vertical Datum,4858672.696,1352601.438,NZGD2000,NZTM,Bed Rock
KAK2,211,53.751,0.019,100.785,Otago Vertical Datum,4858672.503,1352601.926,NZGD2000,NZTM,Bed Rock
KAK2,212,61.084,0.022,100.574,Otago Vertical Datum,4858670.341,1352608.933,NZGD2000,NZTM,Bed Rock
KAK2,213,64.725,-0.021,100.49,Otago Vertical Datum,4858669.311,1352612.425,NZGD2000,NZTM,Sand
KAK2,214,68.144,-0.019,100.425,Otago Vertical Datum,4858668.302,1352615.693,NZGD2000,NZTM,Sand
KAK2,215,79.122,0,100.196,Otago Vertical Datum,4858665.052,1352626.179,NZGD2000,NZTM,Sand
KAK2,216,80.246,-0.026,100.187,Otago Vertical Datum,4858664.746,1352627.26,NZGD2000,NZTM,Sand
KAK2,217,86.181,0.029,100.035,Otago Vertical Datum,4858662.947,1352632.916,NZGD2000,NZTM,Sand
KAK2,218,98.197,-0.027,99.776,Otago Vertical Datum,4858659.463,1352644.416,NZGD2000,NZTM,Sand
KAK2,219,100.437,-0.023,99.725,Otago Vertical Datum,4858658.8,1352646.555,NZGD2000,NZTM,Sand
KAK2,220,111.169,-0.023,99.504,Otago Vertical Datum,4858655.64,1352656.812,NZGD2000,NZTM,Sand
KAK2,221,124.954,0.025,99.247,Otago Vertical Datum,4858651.537,1352669.972,NZGD2000,NZTM,Sand
KAK2,222,140.546,-0.016,98.931,Otago Vertical Datum,4858646.985,1352684.885,NZGD2000,NZTM,Sand
KAK3,300,0.179,0,104.363,Otago Vertical Datum,4858012.337,1352609.516,NZGD2000,NZTM,Footpath
KAK3,301,2.688,-0.025,104.18,Otago Vertical Datum,4858011.286,1352611.794,NZGD2000,NZTM,Road Edge
KAK3,302,8.025,0.023,104.382,Otago Vertical Datum,4858008.962,1352616.599,NZGD2000,NZTM,Road Centreline
KAK3,303,11.532,0,104.199,Otago Vertical Datum,4858007.483,1352619.779,NZGD2000,NZTM,Road Edge
KAK3,304,13.188,0.012,104.291,Otago Vertical Datum,4858006.764,1352621.271,NZGD2000,NZTM,Bottom of Bank
KAK3,305,13.379,0.018,104.68,Otago Vertical Datum,4858006.677,1352621.441,NZGD2000,NZTM,Dune Crest
KAK3,306,16.662,-0.028,104.491,Otago Vertical Datum,4858005.315,1352624.429,NZGD2000,NZTM,Dune Crest
KAK3,307,20.918,0.019,102.127,Otago Vertical Datum,4858003.453,1352628.256,NZGD2000,NZTM,Bottom of Bank
KAK3,308,28.471,-0.022,101.905,Otago Vertical Datum,4858000.261,1352635.101,NZGD2000,NZTM,Sand
KAK3,309,35.514,0.021,101.84,Otago Vertical Datum,4857997.211,1352641.45,NZGD2000,NZTM,Sand
KAK3,310,50.723,-0.021,101.2,Otago Vertical Datum,4857990.746,1352655.217,NZGD2000,NZTM,Sand
KAK3,311,63.106,-0.026,100.657,Otago Vertical Datum,4857985.457,1352666.413,NZGD2000,NZTM,Sand
KAK3,312,69.528,-0.021,100.532,Otago Vertical Datum,4857982.707,1352672.217,NZGD2000,NZTM,Sand
KAK3,313,81.368,0.019,100.232,Otago Vertical Datum,4857977.608,1352682.903,NZGD2000,NZTM,Sand
KAK3,314,89.335,-0.037,100.08,Otago Vertical Datum,4857974.253,1352690.129,NZGD2000,NZTM,Sand
KAK3,315,98.978,-0.021,99.817,Otago Vertical Datum,4857970.116,1352698.84,NZGD2000,NZTM,Sand
KAK3,316,111.184,-0.021,99.491,Otago Vertical Datum,4857964.898,1352709.873,NZGD2000,NZTM,Sand
KAK3,317,124.387,0.026,99.252,Otago Vertical Datum,4857959.21,1352721.789,NZGD2000,NZTM,Sand
KAK3,318,133.396,-0.024,99.097,Otago Vertical Datum,4857955.404,1352729.954,NZGD2000,NZTM,Sand
KAK3,319,139.905,-0.015,98.966,Otago Vertical Datum,4857952.612,1352735.835,NZGD2000,NZTM,Sand
KAK4,400,-0.707,0.001,103.576,Otago Vertical Datum,4857409.696,1352505.314,NZGD2000,NZTM,Shingle
KAK4,401,1.905,0,104.02,Otago Vertical Datum,4857409.084,1352507.853,NZGD2000,NZTM,Shingle
KAK4,402,2.12,0.019,104.036,Otago Vertical Datum,4857409.016,1352508.058,NZGD2000,NZTM,Road Edge
KAK4,403,4.996,-0.024,104.098,Otago Vertical Datum,4857408.383,1352510.863,NZGD2000,NZTM,Road Centreline
KAK4,404,8.598,0.026,103.893,Otago Vertical Datum,4857407.49,1352514.353,NZGD2000,NZTM,Road Edge
KAK4,405,11.859,0.024,103.23,Otago Vertical Datum,4857406.727,1352517.524,NZGD2000,NZTM,Fence
KAK4,406,20.341,-0.024,102.781,Otago Vertical Datum,4857404.786,1352525.781,NZGD2000,NZTM,Spot Height
KAK4,407,24.578,-0.024,102.897,Otago Vertical Datum,4857403.792,1352529.9,NZGD2000,NZTM,Top of Bank
KAK4,408,26.996,-0.024,102.548,Otago Vertical Datum,4857403.225,1352532.251,NZGD2000,NZTM,Bottom of Bank
KAK4,409,39.77,0.025,101.92,Otago Vertical Datum,4857400.182,1352544.657,NZGD2000,NZTM,Sand
KAK4,410,50.937,0.039,101.632,Otago Vertical Datum,4857397.551,1352555.509,NZGD2000,NZTM,Sand
KAK4,411,65.615,-0.025,101.005,Otago Vertical Datum,4857394.172,1352569.793,NZGD2000,NZTM,Sand
KAK4,412,66.926,-0.022,100.985,Otago Vertical Datum,4857393.861,1352571.067,NZGD2000,NZTM,Sand
KAK4,413,76.857,0,100.66,Otago Vertical Datum,4857391.512,1352580.716,NZGD2000,NZTM,Sand
KAK4,414,88.37,0.026,100.388,Otago Vertical Datum,4857388.788,1352591.902,NZGD2000,NZTM,Sand
KAK4,415,98.897,0.032,100.125,Otago Vertical Datum,4857386.314,1352602.134,NZGD2000,NZTM,Sand
KAK4,416,114.855,-0.015,99.675,Otago Vertical Datum,4857382.618,1352617.658,NZGD2000,NZTM,Sand
KAK4,417,126.695,0.021,99.247,Otago Vertical Datum,4857379.808,1352629.16,NZGD2000,NZTM,Sand
KAK4,418,137.427,-0.019,99.106,Otago Vertical Datum,4857377.33,1352639.603,NZGD2000,NZTM,Sand
KAK4,419,145.395,-0.012,98.956,Otago Vertical Datum,4857375.456,1352647.347,NZGD2000,NZTM,Sand
KAK5,500,1.228,0,103.992,Otago Vertical Datum,4857101.395,1352473.753,NZGD2000,NZTM,Shingle
KAK5,501,3.51,0.034,104.569,Otago Vertical Datum,4857100.989,1352475.998,NZGD2000,NZTM,Shingle
KAK5,502,3.958,-0.013,104.534,Otago Vertical Datum,4857100.962,1352476.448,NZGD2000,NZTM,Road Edge
KAK5,503,7.168,-0.024,104.435,Otago Vertical Datum,4857100.449,1352479.617,NZGD2000,NZTM,Road Centreline
KAK5,504,10.545,0.036,104.18,Otago Vertical Datum,4857099.839,1352482.939,NZGD2000,NZTM,Road Edge
KAK5,505,14.143,0.019,103.131,Otago Vertical Datum,4857099.268,1352486.491,NZGD2000,NZTM,Bottom of Bank
KAK5,506,16.771,0.028,104.159,Otago Vertical Datum,4857098.83,1352489.082,NZGD2000,NZTM,Top of Bank
KAK5,507,32.858,0.021,104.082,Otago Vertical Datum,4857096.21,1352504.954,NZGD2000,NZTM,Top of Bank
KAK5,508,34.458,-0.023,102.742,Otago Vertical Datum,4857095.992,1352506.541,NZGD2000,NZTM,Bottom of Bank
KAK5,509,35.385,0.022,103.181,Otago Vertical Datum,4857095.797,1352507.448,NZGD2000,NZTM,Top of Bank
KAK5,510,37.703,-0.026,102.871,Otago Vertical Datum,4857095.466,1352509.742,NZGD2000,NZTM,Bottom of Bank
KAK5,511,42.318,-0.031,103.439,Otago Vertical Datum,4857094.717,1352514.296,NZGD2000,NZTM,Top of Bank
KAK5,512,47.273,-0.029,102.647,Otago Vertical Datum,4857093.905,1352519.185,NZGD2000,NZTM,Bottom of Bank
KAK5,513,51.283,-0.022,102.095,Otago Vertical Datum,4857093.244,1352523.14,NZGD2000,NZTM,Sand
KAK5,514,60.036,0.028,101.845,Otago Vertical Datum,4857091.766,1352531.767,NZGD2000,NZTM,Sand
KAK5,515,69.24,-0.028,101.741,Otago Vertical Datum,4857090.318,1352540.857,NZGD2000,NZTM,Sand
KAK5,516,77.514,-0.024,101.456,Otago Vertical Datum,4857088.963,1352549.018,NZGD2000,NZTM,Sand
KAK5,517,86.369,0.021,101.092,Otago Vertical Datum,4857087.473,1352557.748,NZGD2000,NZTM,Sand
KAK5,518,106.456,-0.025,100.508,Otago Vertical Datum,4857084.238,1352577.572,NZGD2000,NZTM,Sand
KAK5,519,122.708,-0.022,100.216,Otago Vertical Datum,4857081.582,1352593.606,NZGD2000,NZTM,Sand
KAK5,520,135.575,0.023,99.995,Otago Vertical Datum,4857079.436,1352606.293,NZGD2000,NZTM,Sand
KAK5,521,148.976,-0.028,99.705,Otago Vertical Datum,4857077.298,1352619.522,NZGD2000,NZTM,Sand
KAK5,522,161.045,-0.046,99.48,Otago Vertical Datum,4857075.346,1352631.432,NZGD2000,NZTM,Sand
KAK5,523,171.692,0.019,99.266,Otago Vertical Datum,4857073.543,1352641.926,NZGD2000,NZTM,Sand
KAK5,524,182.704,0.023,99.083,Otago Vertical Datum,4857071.741,1352652.789,NZGD2000,NZTM,Sand
KAK5,525,190.229,-0.026,98.959,Otago Vertical Datum,4857070.56,1352660.222,NZGD2000,NZTM,Sand
KAK5,526,195.632,0.015,98.858,Otago Vertical Datum,4857069.638,1352665.545,NZGD2000,NZTM,Sand
KAK6,600,1.038,0,107.896,Otago Vertical Datum,4856875.66,1352454.831,NZGD2000,NZTM,Shingle
KAK6,601,3.069,0.017,108.227,Otago Vertical Datum,4856875.626,1352456.862,NZGD2000,NZTM,Road Edge
KAK6,602,6.389,0.014,108.339,Otago Vertical Datum,4856875.6,1352460.181,NZGD2000,NZTM,Road Centreline
KAK6,603,9.547,-0.013,108.157,Otago Vertical Datum,4856875.6,1352463.34,NZGD2000,NZTM,Road Edge
KAK6,604,12.289,0.018,107.626,Otago Vertical Datum,4856875.546,1352466.081,NZGD2000,NZTM,Shingle
KAK6,605,16.644,0.017,107.166,Otago Vertical Datum,4856875.51,1352470.437,NZGD2000,NZTM,Spot Height
KAK6,606,20.858,0.015,106.286,Otago Vertical Datum,4856875.476,1352474.65,NZGD2000,NZTM,Spot Height
KAK6,607,23.629,-0.01,105.496,Otago Vertical Datum,4856875.477,1352477.421,NZGD2000,NZTM,Spot Height
KAK6,608,38.23,-0.024,104.145,Otago Vertical Datum,4856875.366,1352492.022,NZGD2000,NZTM,Spot Height
KAK6,609,50.753,-0.023,102.745,Otago Vertical Datum,4856875.258,1352504.544,NZGD2000,NZTM,Spot Height
KAK6,610,54.114,-0.016,102.734,Otago Vertical Datum,4856875.222,1352507.905,NZGD2000,NZTM,Spot Height
KAK6,611,62.712,-0.022,104.111,Otago Vertical Datum,4856875.155,1352516.503,NZGD2000,NZTM,Spot Height
KAK6,612,62.876,-0.017,104.101,Otago Vertical Datum,4856875.149,1352516.667,NZGD2000,NZTM,Spot Height
KAK6,613,67.809,0.015,104.337,Otago Vertical Datum,4856875.074,1352521.599,NZGD2000,NZTM,Top of Bank
KAK6,614,70.008,0.016,102.998,Otago Vertical Datum,4856875.054,1352523.798,NZGD2000,NZTM,Bottom of Bank
KAK6,615,81.023,0.024,102.103,Otago Vertical Datum,4856874.952,1352534.812,NZGD2000,NZTM,Sand
KAK6,616,87.584,-0.03,101.638,Otago Vertical Datum,4856874.95,1352541.374,NZGD2000,NZTM,Sand
KAK6,617,102.771,0.027,101.68,Otago Vertical Datum,4856874.763,1352556.56,NZGD2000,NZTM,Sand
KAK6,618,111.469,0.018,101.301,Otago Vertical Datum,4856874.698,1352565.258,NZGD2000,NZTM,Sand
KAK6,619,126.853,-0.023,100.748,Otago Vertical Datum,4856874.608,1352580.641,NZGD2000,NZTM,Sand
KAK6,620,139.269,-0.021,100.504,Otago Vertical Datum,4856874.499,1352593.057,NZGD2000,NZTM,Sand
KAK6,621,147.36,-0.022,100.367,Otago Vertical Datum,4856874.431,1352601.148,NZGD2000,NZTM,Sand
KAK6,622,174.671,0.02,99.864,Otago Vertical Datum,4856874.156,1352628.457,NZGD2000,NZTM,Sand
KAK6,623,186.714,0.02,99.572,Otago Vertical Datum,4856874.053,1352640.5,NZGD2000,NZTM,Sand
KAK6,624,196.304,-0.002,99.37,Otago Vertical Datum,4856873.993,1352650.09,NZGD2000,NZTM,Sand
KAK6,625,206.357,-0.025,99.167,Otago Vertical Datum,4856873.93,1352660.142,NZGD2000,NZTM,Sand
KAK6,626,219.94,0.015,98.894,Otago Vertical Datum,4856873.774,1352673.725,NZGD2000,NZTM,Sand
KAK7,700,5.455,0,103.668,Otago Vertical Datum,4856449.864,1352713.543,NZGD2000,NZTM,Road Edge
KAK7,701,9.007,0.016,103.951,Otago Vertical Datum,4856451.973,1352716.402,NZGD2000,NZTM,Road Centreline
KAK7,702,12.258,0.019,103.772,Otago Vertical Datum,4856453.913,1352719.011,NZGD2000,NZTM,Road Edge
KAK7,703,18.931,-0.017,103.164,Otago Vertical Datum,4856457.928,1352724.34,NZGD2000,NZTM,Top of Bank
KAK7,704,20.873,0.017,102.294,Otago Vertical Datum,4856459.061,1352725.918,NZGD2000,NZTM,Bottom of Bank
KAK7,705,28.227,0.024,101.939,Otago Vertical Datum,4856463.449,1352731.819,NZGD2000,NZTM,Sand
KAK7,706,37.269,0.026,101.551,Otago Vertical Datum,4856468.849,1352739.072,NZGD2000,NZTM,Sand
KAK7,707,44.159,0.026,101.198,Otago Vertical Datum,4856472.965,1352744.597,NZGD2000,NZTM,Sand
KAK7,708,57.118,0.026,100.645,Otago Vertical Datum,4856480.707,1352754.989,NZGD2000,NZTM,Sand
KAK7,709,71.82,0.03,100.32,Otago Vertical Datum,4856489.487,1352766.782,NZGD2000,NZTM,Sand
KAK7,710,94.185,0,99.812,Otago Vertical Datum,4856502.872,1352784.699,NZGD2000,NZTM,Sand
KAK7,711,104.896,-0.026,99.653,Otago Vertical Datum,4856509.292,1352793.273,NZGD2000,NZTM,Sand
KAK7,712,119.08,0.021,99.28,Otago Vertical Datum,4856517.729,1352804.676,NZGD2000,NZTM,Sand
KAK7,713,127.044,0.023,99.222,Otago Vertical Datum,4856522.485,1352811.064,NZGD2000,NZTM,Sand
KAK7,714,142.337,0.023,99.236,Otago Vertical Datum,4856531.62,1352823.327,NZGD2000,NZTM,Sand
KAK7,715,150.5,-0.019,99.252,Otago Vertical Datum,4856536.531,1352829.848,NZGD2000,NZTM,Sand
KAK7,716,151.366,0.021,99.276,Otago Vertical Datum,4856537.016,1352830.567,NZGD2000,NZTM,Sand
KAK7,717,158.216,0.022,99.124,Otago Vertical Datum,4856541.108,1352836.061,NZGD2000,NZTM,Sand
KAK7,718,158.359,0.024,99.205,Otago Vertical Datum,4856541.191,1352836.177,NZGD2000,NZTM,Sand
KAK7,719,160.501,-0.023,99.345,Otago Vertical Datum,4856542.509,1352837.866,NZGD2000,NZTM,Sand
KAK7,720,167.927,0,99.271,Otago Vertical Datum,4856546.927,1352843.835,NZGD2000,NZTM,Sand
KAK7,721,174.942,0.028,98.993,Otago Vertical Datum,4856551.095,1352849.477,NZGD2000,NZTM,Sand
KAK7,722,182.045,-0.024,99.052,Otago Vertical Datum,4856555.381,1352855.142,NZGD2000,NZTM,Sand
KAK8,800,33.592,0,103.54,Otago Vertical Datum,4856228.01,1352887.542,NZGD2000,NZTM,Road Edge
KAK8,801,36.747,0.02,103.681,Otago Vertical Datum,4856230.176,1352889.835,NZGD2000,NZTM,Road Centreline
KAK8,802,40.894,0.019,103.45,Otago Vertical Datum,4856233.043,1352892.831,NZGD2000,NZTM,Road Edge
KAK8,803,44.234,0.021,103.408,Otago Vertical Datum,4856235.351,1352895.246,NZGD2000,NZTM,Top of Bank
KAK8,804,45.154,-0.029,102.725,Otago Vertical Datum,4856236.023,1352895.875,NZGD2000,NZTM,Bottom of Bank
KAK8,805,49.139,-0.023,101.657,Otago Vertical Datum,4856238.774,1352898.759,NZGD2000,NZTM,Spot Height
KAK8,806,52.487,-0.022,100.927,Otago Vertical Datum,4856241.088,1352901.179,NZGD2000,NZTM,Bed Rock
KAK8,807,60.229,0.022,100.558,Otago Vertical Datum,4856246.408,1352906.803,NZGD2000,NZTM,Bed Rock
KAK8,808,67.978,0.002,100.219,Otago Vertical Datum,4856251.779,1352912.389,NZGD2000,NZTM,Bed Rock
KAK8,809,71.441,0.027,99.939,Otago Vertical Datum,4856254.155,1352914.908,NZGD2000,NZTM,Bed Rock
KAK8,810,88.552,0.023,99.597,Otago Vertical Datum,4856265.987,1352927.27,NZGD2000,NZTM,Sand
KAK8,811,98.518,0.018,99.087,Otago Vertical Datum,4856272.879,1352934.467,NZGD2000,NZTM,Sand
KAK8,812,103.272,0.025,99.16,Otago Vertical Datum,4856276.161,1352937.907,NZGD2000,NZTM,Sand
KAK8,813,110.69,0.028,99.087,Otago Vertical Datum,4856281.287,1352943.269,NZGD2000,NZTM,Sand
KAK8,814,115.815,-0.027,99.179,Otago Vertical Datum,4856284.869,1352946.934,NZGD2000,NZTM,Sand
KAK8,815,122.527,0.018,99.067,Otago Vertical Datum,4856289.477,1352951.815,NZGD2000,NZTM,Sand
KAK8,816,128.887,-0.026,98.943,Otago Vertical Datum,4856293.905,1352956.38,NZGD2000,NZTM,Sand
KAK9,900,5.193,0,103.024,Otago Vertical Datum,4855699.313,1353343.275,NZGD2000,NZTM,Fence
KAK9,901,6.938,0.02,103.087,Otago Vertical Datum,4855699.912,1353344.915,NZGD2000,NZTM,Road Edge
KAK9,902,9.673,-0.02,103.203,Otago Vertical Datum,4855700.917,1353347.458,NZGD2000,NZTM,Road Centreline
KAK9,903,13.395,0.029,103.033,Otago Vertical Datum,4855702.188,1353350.957,NZGD2000,NZTM,Road Edge
KAK9,904,20.505,0.021,103.106,Otago Vertical Datum,4855704.711,1353357.604,NZGD2000,NZTM,Spot Height
KAK9,905,31.468,-0.021,102.674,Otago Vertical Datum,4855708.628,1353367.843,NZGD2000,NZTM,Top of Bank
KAK9,906,32.44,-0.01,102.077,Otago Vertical Datum,4855708.962,1353368.756,NZGD2000,NZTM,Bottom of Bank
KAK9,907,37.605,0.02,101.946,Otago Vertical Datum,4855710.761,1353373.599,NZGD2000,NZTM,Sand
KAK9,908,43.524,0.023,101.933,Otago Vertical Datum,4855712.852,1353379.136,NZGD2000,NZTM,Sand
KAK9,909,49.187,0.019,101.765,Otago Vertical Datum,4855714.859,1353384.431,NZGD2000,NZTM,Sand
KAK9,910,56.301,0.019,101.511,Otago Vertical Datum,4855717.376,1353391.085,NZGD2000,NZTM,Sand
KAK9,911,64.951,0.021,101.184,Otago Vertical Datum,4855720.434,1353399.177,NZGD2000,NZTM,Sand
KAK9,912,73.267,0.02,100.83,Otago Vertical Datum,4855723.377,1353406.954,NZGD2000,NZTM,Sand
KAK9,913,82.051,-0.023,100.545,Otago Vertical Datum,4855726.525,1353415.155,NZGD2000,NZTM,Sand
KAK9,914,90.369,0.034,100.374,Otago Vertical Datum,4855729.414,1353422.955,NZGD2000,NZTM,Sand
KAK9,915,100.009,0.025,100.122,Otago Vertical Datum,4855732.832,1353431.968,NZGD2000,NZTM,Sand
KAK9,916,109.289,-0.024,99.873,Otago Vertical Datum,4855736.162,1353440.631,NZGD2000,NZTM,Sand
KAK9,917,115.072,0.021,99.656,Otago Vertical Datum,4855738.165,1353446.056,NZGD2000,NZTM,Sand
KAK9,918,119.959,0.022,99.518,Otago Vertical Datum,4855739.893,1353450.627,NZGD2000,NZTM,Sand
KAK9,919,124.744,0.02,99.344,Otago Vertical Datum,4855741.588,1353455.102,NZGD2000,NZTM,Sand
KAK9,920,132.205,0.029,99.156,Otago Vertical Datum,4855744.219,1353462.084,NZGD2000,NZTM,Sand
KAK9,921,142.983,-0.023,98.873,Otago Vertical Datum,4855748.08,1353472.147,NZGD2000,NZTM,Sand
KAK9,922,147.559,-0.024,98.709,Otago Vertical Datum,4855749.701,1353476.426,NZGD2000,NZTM,Sand
KAK10,1000,0.487,0,102.918,Otago Vertical Datum,4855437.278,1353634.473,NZGD2000,NZTM,Fence
KAK10,1001,1.622,0.026,102.988,Otago Vertical Datum,4855438.069,1353635.287,NZGD2000,NZTM,Road Edge
KAK10,1002,5.013,0.027,103.156,Otago Vertical Datum,4855440.489,1353637.663,NZGD2000,NZTM,Road Centreline
KAK10,1003,9.06,0.023,102.983,Otago Vertical Datum,4855443.38,1353640.495,NZGD2000,NZTM,Road Edge
KAK10,1004,13.172,0.023,102.973,Otago Vertical Datum,4855446.314,1353643.375,NZGD2000,NZTM,Wall
KAK10,1005,19.065,0.022,101.244,Otago Vertical Datum,4855450.52,1353647.502,NZGD2000,NZTM,Bottom of Bank
KAK10,1006,31.129,0,100.588,Otago Vertical Datum,4855459.146,1353655.938,NZGD2000,NZTM,Sand
KAK10,1007,39.613,0.026,100.201,Otago Vertical Datum,4855465.183,1353661.898,NZGD2000,NZTM,Sand
KAK10,1008,46.86,0.027,100,Otago Vertical Datum,4855470.354,1353666.976,NZGD2000,NZTM,Sand
KAK10,1009,56.898,0.019,99.821,Otago Vertical Datum,4855477.523,1353674.002,NZGD2000,NZTM,Sand
KAK10,1010,69.734,0,99.513,Otago Vertical Datum,4855486.697,1353682.979,NZGD2000,NZTM,Sand
KAK10,1011,70.503,0.013,99.473,Otago Vertical Datum,4855487.237,1353683.528,NZGD2000,NZTM,Sand
KAK10,1012,78.128,0.019,99.318,Otago Vertical Datum,4855492.674,1353688.873,NZGD2000,NZTM,Sand
KAK10,1013,84.378,0.015,99.324,Otago Vertical Datum,4855497.138,1353693.248,NZGD2000,NZTM,Sand
KAK10,1014,92.324,0.018,99.093,Otago Vertical Datum,4855502.807,1353698.816,NZGD2000,NZTM,Sand
KAK10,1015,100.046,0.018,98.957,Otago Vertical Datum,4855508.318,1353704.225,NZGD2000,NZTM,Sand
KAK10,1016,107.694,0,98.886,Otago Vertical Datum,4855513.788,1353709.57,NZGD2000,NZTM,Sand
KAK10,1017,110.211,0.019,98.844,Otago Vertical Datum,4855515.571,1353711.346,NZGD2000,NZTM,Sand
KAK11,1100,1.143,0,102.594,Otago Vertical Datum,4854584.535,1353745.053,NZGD2000,NZTM,Spot Height
KAK11,1101,12.14,-0.021,102.886,Otago Vertical Datum,4854581.015,1353755.472,NZGD2000,NZTM,Fence
KAK11,1102,13.534,-0.054,103.115,Otago Vertical Datum,4854580.598,1353756.802,NZGD2000,NZTM,Road Edge
KAK11,1103,16.768,0.014,103.407,Otago Vertical Datum,4854579.492,1353759.842,NZGD2000,NZTM,Road Edge
KAK11,1104,20.303,-0.025,103.53,Otago Vertical Datum,4854578.392,1353763.202,NZGD2000,NZTM,Road Centreline
KAK11,1105,22.601,0.018,103.471,Otago Vertical Datum,4854577.612,1353765.363,NZGD2000,NZTM,Road Edge
KAK11,1106,26.74,0.02,103.299,Otago Vertical Datum,4854576.277,1353769.282,NZGD2000,NZTM,Road Edge
KAK11,1107,27.864,-0.021,103.218,Otago Vertical Datum,4854575.954,1353770.359,NZGD2000,NZTM,Top of Bank
KAK11,1108,29.13,0.019,102.267,Otago Vertical Datum,4854575.509,1353771.545,NZGD2000,NZTM,Bottom of Bank
KAK11,1109,33.183,-0.021,101.83,Otago Vertical Datum,4854574.243,1353775.395,NZGD2000,NZTM,Sand
KAK11,1110,41.027,-0.023,101.66,Otago Vertical Datum,4854571.719,1353782.822,NZGD2000,NZTM,Sand
KAK11,1111,41.184,-0.019,101.717,Otago Vertical Datum,4854571.665,1353782.97,NZGD2000,NZTM,Sand
KAK11,1112,49.292,-0.016,101.667,Otago Vertical Datum,4854569.053,1353790.645,NZGD2000,NZTM,Sand
KAK11,1113,56.996,0.027,101.775,Otago Vertical Datum,4854566.532,1353797.925,NZGD2000,NZTM,Sand
KAK11,1114,67.429,-0.025,101.899,Otago Vertical Datum,4854563.223,1353807.82,NZGD2000,NZTM,Sand
KAK11,1115,74.719,-0.024,101.949,Otago Vertical Datum,4854560.876,1353814.721,NZGD2000,NZTM,Sand
KAK11,1116,82.84,-0.027,101.584,Otago Vertical Datum,4854558.265,1353822.412,NZGD2000,NZTM,Sand
KAK11,1117,93.149,0.018,101.154,Otago Vertical Datum,4854554.904,1353832.157,NZGD2000,NZTM,Sand
KAK11,1118,101.535,-0.024,100.837,Otago Vertical Datum,4854552.245,1353840.111,NZGD2000,NZTM,Sand
KAK11,1119,109.888,-0.026,100.601,Otago Vertical Datum,4854549.558,1353848.019,NZGD2000,NZTM,Sand
KAK11,1120,120.19,0.02,100.404,Otago Vertical Datum,4854546.198,1353857.758,NZGD2000,NZTM,Sand
KAK11,1121,130.144,0.024,100.201,Otago Vertical Datum,4854542.991,1353867.182,NZGD2000,NZTM,Sand
KAK11,1122,140.668,0.025,99.966,Otago Vertical Datum,4854539.603,1353877.146,NZGD2000,NZTM,Sand
KAK11,1123,144.931,0.023,99.844,Otago Vertical Datum,4854538.233,1353881.182,NZGD2000,NZTM,Sand
KAK11,1124,151.96,-0.027,99.642,Otago Vertical Datum,4854536.018,1353887.853,NZGD2000,NZTM,Sand
KAK11,1125,158.88,0.021,99.477,Otago Vertical Datum,4854533.745,1353894.39,NZGD2000,NZTM,Sand
KAK11,1126,181.794,-0.02,98.91,Otago Vertical Datum,4854526.408,1353916.097,NZGD2000,NZTM,Sand
KAK12,1200,9.671,0,112.827,Otago Vertical Datum,4853187.532,1353646.433,NZGD2000,NZTM,Road Edge
KAK12,1201,12.895,0.031,112.991,Otago Vertical Datum,4853189.805,1353648.719,NZGD2000,NZTM,Road Centreline
KAK12,1202,16.48,0.029,112.718,Otago Vertical Datum,4853192.358,1353651.236,NZGD2000,NZTM,Road Edge
KAK12,1203,17.89,0.025,112.009,Otago Vertical Datum,4853193.364,1353652.223,NZGD2000,NZTM,Top of Bank
KAK12,1204,27.237,0.024,104.493,Otago Vertical Datum,4853200.018,1353658.788,NZGD2000,NZTM,Spot Height
KAK12,1205,35.061,0.026,102.755,Otago Vertical Datum,4853205.586,1353664.285,NZGD2000,NZTM,Spot Height
KAK12,1206,39.114,0.03,102.607,Otago Vertical Datum,4853208.468,1353667.134,NZGD2000,NZTM,Spot Height
KAK12,1207,44.351,0.029,102.803,Otago Vertical Datum,4853212.196,1353670.812,NZGD2000,NZTM,Top of Bank
KAK12,1208,45.19,0.019,102.101,Otago Vertical Datum,4853212.801,1353671.394,NZGD2000,NZTM,Bottom of Bank
KAK12,1209,46.763,0.025,101.77,Otago Vertical Datum,4853213.916,1353672.504,NZGD2000,NZTM,Sand
KAK12,1210,54.598,0.019,101.369,Otago Vertical Datum,4853219.498,1353678.002,NZGD2000,NZTM,Sand
KAK12,1211,64.08,0.022,100.821,Otago Vertical Datum,4853226.245,1353684.664,NZGD2000,NZTM,Sand
KAK12,1212,71.042,0.029,100.496,Otago Vertical Datum,4853231.195,1353689.559,NZGD2000,NZTM,Sand
KAK12,1213,90.295,0.028,100.048,Otago Vertical Datum,4853244.9,1353703.082,NZGD2000,NZTM,Sand
KAK12,1214,99.276,0.026,99.89,Otago Vertical Datum,4853251.294,1353709.389,NZGD2000,NZTM,Sand
KAK12,1215,105.595,0.028,99.509,Otago Vertical Datum,4853255.79,1353713.828,NZGD2000,NZTM,Sand
KAK12,1216,131.969,0.02,99.186,Otago Vertical Datum,4853274.569,1353732.347,NZGD2000,NZTM,Sand
KAK12,1217,143.734,0.022,99.209,Otago Vertical Datum,4853282.942,1353740.613,NZGD2000,NZTM,Sand
KAK12,1218,151.971,0.017,99.089,Otago Vertical Datum,4853288.809,1353746.394,NZGD2000,NZTM,Sand
KAK12,1219,158.673,0.01,98.509,Otago Vertical Datum,4853293.584,1353751.097,NZGD2000,NZTM,Sand
